"","Species","Invasive","Vulnerability","Max_length","PD50","Emblematic","Troph","TempPrefMean","trad_fishing","trawl_fishing","pelag_fishing","Body_shape","Demersal","Pelagic","Reef_associated"
"1","Ablennes hians",1,39.61,140,1,"0",4.5,27.9,"1","0","1","Other","0","0","1"
"2","Abudefduf hoefleri",1,10,20,0.5,"0",2.72000002861023,19.2846428571429,"0","0","0","Other","0","0","1"
"3","Abudefduf saxatilis",1,12.9,22.8999996185303,0.5,"0",3.8199999332428,27.3,"1","0","1","Other","0","0","1"
"4","Abudefduf sexfasciatus",1,10,19,0.5,"0",2.70000004768372,28.4,"0","0","0","Other","0","0","1"
"5","Abudefduf vaigiensis",1,15.82,20,0.5,"0",2.5699999332428,28.2,"1","0","1","Other","0","0","1"
"6","Acanthocybium solandri",0,46.13,250,1,"0",4.26000022888184,24.7,"1","0","1","Other","0","1","0"
"7","Acantholabrus palloni",0,15,25,1,"0",3.5,9.9,"0","1","0","Fusiform_normal","0","0","1"
"8","Acanthopagrus bifasciatus",1,37.35,36.2000007629395,0.5,"0",3.39000010490417,27.6,"1","1","1","Fusiform_normal","0","0","1"
"9","Acanthostracion notacanthus",0,40,50,0.5625,"0",2.35999989509583,26.2,"0","0","0","Other","1","0","0"
"10","Acanthostracion polygonium",1,40,50,0.5625,"0",2.02999997138977,25.9,"1","0","1","Other","0","0","1"
"11","Acanthostracion quadricornis",0,42,55,0.5625,"0",2.6800000667572,25.4,"0","0","1","Other","0","0","1"
"12","Acanthurus chirurgus",1,22.98,39,0.5,"0",2.08999991416931,27.4,"1","0","0","Other","0","0","1"
"13","Acanthurus coeruleus",1,58.55,39,0.5,"0",2.15000009536743,27.4,"1","0","1","Other","0","0","1"
"14","Acanthurus monroviae",1,41.96,45,0.5,"0",2.5,26.5,"1","1","1","Other","1","0","0"
"15","Acanthurus sohal",1,30,40,0.5,"0",2,27,"1","1","0","Other","0","0","1"
"16","Acipenser naccarii",0,86.02,200,0.5,"0",3.34999990463257,17.4,"0","0","0","Other","1","0","0"
"17","Acipenser stellatus",0,84.74,250,0.5,"0",3.49000000953674,13.1,"0","0","0","Other","1","0","0"
"18","Acipenser sturio",0,88.08,600,0.5,"0",3.50999999046326,11,"1","0","1","Other","1","0","0"
"19","Aidablennius sphynx",0,10,8,1,"0",2.09999990463257,18.8,"0","0","0","Other","1","0","0"
"20","Alectis alexandrina",0,60,100,0.625,"0",3.59999990463257,24.4,"0","1","1","Other","0","1","0"
"21","Alepes djedaba",1,24.73,40,0.531199991703033,"0",3.3199999332428,28,"1","1","0","Fusiform_normal","0","0","1"
"22","Alepisaurus ferox",0,90,215,1,"0",4.03000020980835,8.9,"0","1","1","Other","0","1","0"
"23","Alepocephalus rostratus",0,60.23,50,0.5,"0",3.67000007629395,8.5,"0","0","0","Other","1","0","0"
"24","Alopias superciliosus",0,84.92,487.984985351562,0.75,"0",4.46000003814697,27.1,"1","1","1","Fusiform_normal","0","1","0"
"25","Alopias vulpinus",0,76.65,573.299987792969,0.75,"0",4.5,23.3,"1","1","1","Fusiform_normal","0","1","0"
"26","Alosa algeriensis",0,44.4,43.5,0.5,"0",3.88000011444092,16.4251428571429,"0","0","0","Fusiform_normal","0","1","0"
"27","Alosa alosa",0,35.65,69,0.5,"0",2.95000004768372,10.1,"0","1","0","Fusiform_normal","0","1","0"
"28","Alosa fallax",0,49.56,60,0.5,"0",4.03000020980835,10.8,"0","1","1","Fusiform_normal","0","1","0"
"29","Aluterus monoceros",1,47.86,76.1999969482422,0.5625,"0",2,27.6,"0","0","0","Other","0","0","1"
"30","Ammodytes tobianus",0,23.44,20,0.515600025653839,"0",3.07999992370605,10.2,"0","1","1","Other","1","0","0"
"31","Anarchias euryurus",0,15,25,0.500500023365021,"0",3.4300000667572,19.1,"0","0","0","Other","1","0","0"
"32","Anarhichas lupus",0,69.18,150,0.593800008296967,"0",3.85999989509583,7.8,"1","1","1","Other","1","0","0"
"33","Anguilla anguilla",0,68.45,121.5,0.5,"0",3.54999995231628,7.9,"1","1","1","Other","1","0","0"
"34","Anguilla japonica",0,70.74,150,0.5,"0",3.54999995231628,17,"1","0","1","Other","1","0","0"
"35","Anthias anthias",0,22.94,27,0.503899991512299,"0",3.75,18.3,"1","1","1","Fusiform_normal","0","0","1"
"36","Aphaniops dispar",1,10,7,0.5,"0",2.92000007629395,27.4,"0","0","0","Fusiform_normal","0","1","0"
"37","Aphanius fasciatus",0,14.05,6,0.5,"0",2.66000008583069,18.9,"0","0","0","Fusiform_normal","0","1","0"
"38","Aphia minuta",0,12.14,7.90000009536743,1,"0",3.09999990463257,10.8,"0","0","0","Other","0","1","0"
"39","Apletodon dentatus",0,10,4,0.515600025653839,"0",3.08999991416931,14,"0","0","0","Other","1","0","0"
"40","Apletodon incognitus",0,10,2.72000002861023,0.515600025653839,"0",3.04999995231628,18.7,"0","0","0","Other","1","0","0"
"41","Apogon imberbis",0,15.08,15,0.5,"0",3.34999990463257,16.3,"0","0","0","Fusiform_normal","0","0","1"
"42","Apogonichthyoides nigripinnis",0,10,10,0.5,"0",3.44000005722046,27.6,"0","1","0","Other","0","0","1"
"43","Apogonichthyoides pharaonis",1,10,9.5,0.5,"0",3.4300000667572,26.8,"0","0","0","Fusiform_normal","1","0","0"
"44","Apogonichthyoides taeniatus",0,10,17,0.5,"0",3.5,27.5,"0","0","0","Other","0","0","1"
"45","Apterichtus anguiformis",0,39.3,49.2999992370605,0.5,"0",3.96000003814697,19.3,"0","0","0","Other","1","0","0"
"46","Apterichtus caecus",0,44,60,0.5,"0",4.05999994277954,19.1,"0","0","0","Other","1","0","0"
"47","Arctozenus risso",0,26.6,30,1,"0",3.91000008583069,4.1,"0","0","0","Other","0","1","0"
"48","Argentina sphyraena",0,36.22,35,0.500100016593933,"0",3.49000000953674,8,"0","0","0","Other","1","0","0"
"49","Argyropelecus hemigymnus",0,13.42,5.09999990463257,0.507799983024597,"0",3.05999994277954,11.3,"0","0","0","Other","0","1","0"
"50","Argyropelecus olfersii",0,10,9,0.507799983024597,"0",3.35999989509583,8.5,"0","0","0","Other","0","1","0"
"51","Argyrosomus regius",0,79.25,230,0.501999974250793,"0",4.28999996185303,15.3,"0","0","1","Fusiform_normal","0","1","0"
"52","Ariosoma balearicum",0,25,35,0.5,"0",3.86999988555908,26.2,"0","1","0","Other","0","0","1"
"53","Arnoglossus imperialis",0,15,25,0.5,"0",3.83999991416931,11.7,"0","0","1","Fusiform_normal","1","0","0"
"54","Arnoglossus kessleri",0,10,11.1999998092651,0.5,"0",4.05000019073486,15.2,"0","0","0","Fusiform_normal","1","0","0"
"55","Arnoglossus laterna",0,35.75,25,0.5,"0",3.58999991416931,10.8,"0","0","0","Fusiform_normal","1","0","0"
"56","Arnoglossus rueppelii",0,10,15,0.5,"0",4.03000020980835,14.2,"0","0","0","Fusiform_normal","1","0","0"
"57","Arnoglossus thori",0,23.57,18,0.5,"0",3.27999997138977,15.4,"0","0","0","Fusiform_normal","1","0","0"
"58","Arothron hispidus",1,40,50,0.5,"0",3.42000007629395,27.7,"0","0","0","Other","0","0","1"
"59","Atherina boyeri",0,34.49,20,0.531199991703033,"0",3.22000002861023,18.3,"1","0","1","Other","1","0","0"
"60","Atherina hepsetus",0,10,20,0.531199991703033,"0",3.24000000953674,19,"0","0","0","Other","0","1","0"
"61","Atherina presbyter",0,19.79,20,0.531199991703033,"0",3.67000007629395,11.5,"1","0","1","Other","0","1","0"
"62","Atherinomorus forskalii",1,10,13.3000001907349,0.500500023365021,"0",3.28999996185303,27.1,"0","0","0","Fusiform_normal","0","0","1"
"63","Atherinomorus lacunosus",1,15,25,0.500500023365021,"0",3.28999996185303,28,"0","0","1","Other","0","0","1"
"64","Aulopus filamentosus",0,41.47,44,0.625,"0",4.19999980926514,15.5,"0","0","0","Other","1","0","0"
"65","Aulotrachichthys sajademalensis",0,10,9.60000038146973,0.503899991512299,"0",4.34999990463257,14.4,"0","0","0","Fusiform_normal","0","1","0"
"66","Auxis rochei",0,32.24,50,0.5625,"0",4.40000009536743,26,"1","1","1","Fusiform_normal","0","1","0"
"67","Balistes capriscus",0,46.03,66,0.507799983024597,"0",4.05999994277954,17.8,"1","0","1","Other","0","0","1"
"68","Balistoides conspicillum",1,40,50,0.75,"0",3.30999994277954,27.3,"1","0","1","Other","0","0","1"
"69","Bathophilus nigerrimus",0,10,12.1999998092651,0.5,"0",4.19999980926514,2.8,"0","0","0","Other","0","1","0"
"70","Bathophilus vaillanti",0,11.96,18,0.5,"0",4.42999982833862,3.7,"0","0","0","Other","0","1","0"
"71","Bathygobius soporator",0,22.31,15,0.5,"0",3.71000003814697,27.3,"0","0","0","Other","1","0","0"
"72","Bathypterois dubius",0,15.01,20.5,0.5,"0",3.36999988555908,13,"0","0","0","Other","1","0","0"
"73","Bathypterois grallator",0,33.4,43.4000015258789,0.5,"0",3.09999990463257,3.8,"0","0","0","Other","1","0","0"
"74","Bathysaurus mollis",0,58.06,78,1,"0",4.5,2.2,"0","0","0","Other","1","0","0"
"75","Bathysolea profundicola",0,24,21,0.5625,"0",3.17000007629395,13.1,"0","0","0","Other","0","1","0"
"76","Bathytoshia centroura",0,90,300,0.625,"0",3.91000008583069,23.1,"1","1","1","Other","1","0","0"
"77","Bellottia apoda",0,10,6.5,0.531199991703033,"0",3.42000007629395,14.6,"0","0","0","Fusiform_normal","1","0","0"
"78","Belone belone",0,48.92,104,0.625,"0",4.15999984741211,11.3,"1","1","1","Other","0","1","0"
"79","Belone svetovidovi",0,31.8,41.7999992370605,0.625,"0",4.03999996185303,16.5,"0","0","0","Other","0","1","0"
"80","Benthocometes robustus",0,10,15,0.75,"0",3.09999990463257,6.9,"0","1","0","Other","1","0","0"
"81","Benthophilus stellatus",0,15.91,13.5,0.5,"0",3.70000004768372,16.8217857142857,"0","0","0","Other","1","0","0"
"82","Benthosema glaciale",0,27.28,10.3000001907349,0.531199991703033,"0",3.14000010490417,5.1,"0","0","0","Fusiform_normal","0","1","0"
"83","Beryx decadactylus",0,69.33,100,0.625999987125397,"0",4.13000011444092,11.2,"0","1","1","Fusiform_normal","1","0","0"
"84","Beryx splendens",1,58.69,70,0.625999987125397,"0",4.26999998092651,9.2,"0","1","1","Fusiform_normal","0","1","0"
"85","Blennius ocellaris",0,34.54,20,0.75,"0",3.49000000953674,13.9,"0","0","0","Other","1","0","0"
"86","Bodianus speciosus",1,44.4,50,0.5,"0",3.59999990463257,25.9,"1","0","1","Fusiform_normal","0","0","1"
"87","Boops boops",0,50.69,40,0.75,"0",2.78999996185303,17.8,"0","0","1","Fusiform_normal","1","0","0"
"88","Borostomias antarcticus",0,26.6,30,0.515600025653839,"0",3.59999990463257,4.9,"0","0","0","Other","1","0","0"
"89","Bothus podas",0,33.22,45,0.5,"0",3.36999988555908,15.1,"0","1","1","Other","1","0","0"
"90","Brama brama",0,60,100,0.503899991512299,"0",4.07999992370605,11.8,"0","1","0","Other","0","1","0"
"91","Bregmaceros atlanticus",0,10,7.80000019073486,0.500100016593933,"0",2.80999994277954,22.4,"0","1","0","Other","0","1","0"
"92","Bregmaceros nectabanus",1,10,7.59999990463257,0.500100016593933,"0",3.17000007629395,23.7,"0","1","0","Other","0","1","0"
"93","Buenia affinis",0,10,3.17000007629395,0.5625,"0",3.1800000667572,17.6,"0","0","0","Fusiform_normal","1","0","0"
"94","Buenia jeffreysii",0,10,6,0.5625,"0",3.61999988555908,9.2,"0","0","0","Other","1","0","0"
"95","Buenia lombartei",0,10,2.75,0.5625,"0",3.13000011444092,18.1730317460318,"0","0","0","Other","1","0","0"
"96","Buglossidium luteum",0,24.35,20,1,"0",3.30999994277954,10.6,"0","1","1","Other","1","0","0"
"97","Caesio varilineata",1,30,40,0.501999974250793,"0",3.40000009536743,28,"1","0","1","Fusiform_normal","0","0","1"
"98","Callanthias ruber",0,44,60,0.503899991512299,"0",3.79999995231628,14.6,"0","0","0","Fusiform_normal","1","0","0"
"99","Callionymus fasciatus",0,10,16.5,0.5,"0",3.29999995231628,15.1,"0","0","0","Other","1","0","0"
"100","Callionymus filamentosus",1,10,20,0.5,"0",3.26999998092651,24,"0","0","0","Other","1","0","0"
"101","Callionymus lyra",0,28.71,30.5,0.5,"0",3.26999998092651,13.3,"0","1","0","Other","1","0","0"
"102","Callionymus maculatus",0,10,16.5,0.5,"0",3.30999994277954,8.6,"0","0","0","Other","1","0","0"
"103","Callionymus pusillus",0,10,14,0.5,"0",3.28999996185303,17.1,"0","0","0","Other","1","0","0"
"104","Callionymus reticulatus",0,10,18.5,0.5,"0",3.27999997138977,10.5,"0","0","0","Other","1","0","0"
"105","Callionymus risso",0,10,18.2000007629395,0.5,"0",3.02999997138977,14.8,"0","0","0","Other","1","0","0"
"106","Campogramma glaycos",0,46.64,60,1,"0",4.5,16.1,"1","1","1","Fusiform_normal","0","1","0"
"107","Capros aper",0,29.61,30,1,"0",3.14000010490417,10.7,"0","1","0","Other","1","0","0"
"108","Caranx crysos",0,34.26,70,0.5,"0",4.13000011444092,24.9,"1","1","1","Fusiform_normal","0","0","1"
"109","Caranx fischeri",0,43.53,53,0.5,"0",3.97000002861023,19.7,"0","0","0","Fusiform_normal","0","1","0"
"110","Caranx rhonchus",0,36.21,60,0.5,"0",3.59999990463257,19.2,"1","1","1","Fusiform_normal","0","1","0"
"111","Carapus acus",0,10.8,20.7999992370605,0.531199991703033,"0",4.03999996185303,19.4,"0","0","0","Other","1","0","0"
"112","Carcharhinus altimus",1,90,300,0.5,"0",4.53000020980835,19.9,"1","1","1","Fusiform_normal","0","0","1"
"113","Carcharhinus amboinensis",0,90,280,0.5,"0",4.28000020980835,27.7,"1","0","1","Fusiform_normal","0","0","1"
"114","Carcharhinus brachyurus",0,86.7,325,0.5,"0",4.32999992370605,17.4,"1","1","1","Fusiform_normal","0","0","1"
"115","Carcharhinus brevipinna",0,62.23,300,0.5,"0",4.19999980926514,27.4,"1","1","1","Fusiform_normal","0","0","1"
"116","Carcharhinus falciformis",1,82.14,350,0.5,"0",4.34999990463257,26.7,"1","0","1","Fusiform_normal","0","0","1"
"117","Carcharhinus limbatus",0,55.45,286,0.5,"0",4.36999988555908,27.4,"1","1","1","Fusiform_normal","0","0","1"
"118","Carcharhinus longimanus",0,83.79,400,0.5,"0",4.15999984741211,26.8,"1","0","1","Fusiform_normal","0","1","0"
"119","Carcharhinus melanopterus",0,56.83,200,0.5,"0",3.94000005722046,27.4,"1","1","1","Fusiform_normal","0","0","1"
"120","Carcharhinus obscurus",0,87.65,420,0.5,"0",4.28000020980835,12.6,"1","1","0","Fusiform_normal","0","0","1"
"121","Carcharhinus plumbeus",0,86.8,300,0.5,"0",4.30999994277954,27,"1","0","1","Fusiform_normal","0","1","0"
"122","Carcharias taurus",0,58.1,330,0.8125,"0",4.5,24.6,"1","1","0","Fusiform_normal","0","0","1"
"123","Carcharodon carcharias",0,85.78,640,1.03129994869232,"0",4.53000020980835,18.1,"1","1","1","Fusiform_normal","0","1","0"
"124","Carlarius parkii",1,51.21,75,0.75,"0",4.05999994277954,19.3,"1","1","1","Fusiform_normal","1","0","0"
"125","Cataetyx alleni",0,14.44,12,0.500199973583221,"0",3.39000010490417,13.1,"0","0","0","Other","1","0","0"
"126","Cataetyx laticeps",0,46,65,0.500199973583221,"0",3.6800000667572,6.5,"0","1","0","Other","1","0","0"
"127","Centracanthus cirrus",0,24,34,1,"0",3.38000011444092,14.9,"1","1","0","Fusiform_normal","0","1","0"
"128","Centrolabrus exoletus",1,20,18,0.75,"0",3.5,10.7,"0","0","0","Fusiform_normal","0","0","1"
"129","Centrolabrus melanocercus",0,10,14,0.75,"0",3.17000007629395,19.3,"0","0","0","Fusiform_normal","0","0","1"
"130","Centrolophus niger",0,90,150,1,"0",3.92000007629395,7,"0","0","0","Fusiform_normal","0","1","0"
"131","Centrophorus granulosus",0,70,170,0.500100016593933,"0",4.1100001335144,11.4,"0","0","1","Other","1","0","0"
"132","Centrophorus uyato",0,66,110,0.500100016593933,"0",4.5,11.6,"1","1","1","Other","1","0","0"
"133","Centroscymnus coelolepis",0,72.6,121,0.531300008296967,"0",4.48000001907349,3.9,"1","0","1","Other","1","0","0"
"134","Cephalopholis hemistiktos",1,57.85,35,0.5,"0",4.1399998664856,27.3,"1","0","1","Fusiform_normal","0","0","1"
"135","Cephalopholis taeniops",1,56.4,70,0.5,"0",4.38000011444092,19.2,"0","1","1","Fusiform_normal","1","0","0"
"136","Cepola macrophthalma",0,54.56,80,0.531199991703033,"0",3.13000011444092,11.9,"0","0","0","Other","1","0","0"
"137","Ceratoscopelus maderensis",0,10,8.10000038146973,0.625,"0",3.26999998092651,8.6,"0","1","0","Other","0","1","0"
"138","Cetorhinus maximus",0,86.06,1520,1.5,"0",3.20000004768372,11.4,"1","1","0","Other","0","1","0"
"139","Chaetodipterus faber",1,49.1,91,0.625,"0",3.57999992370605,25.4,"0","1","0","Other","0","0","1"
"140","Chaetodon austriacus",1,15.04,13,0.5,"0",3.33999991416931,27.3,"0","0","0","Other","0","0","1"
"141","Chaetodon hoefleri",0,17,27,0.5,"0",3.5,25.3,"0","1","1","Other","0","0","1"
"142","Chaetodon larvatus",1,13.29,12,0.5,"0",3.38000011444092,28,"0","0","0","Other","0","0","1"
"143","Champsodon nudivittis",1,10,12.6999998092651,0.500199973583221,"0",4.09000015258789,24.6,"0","0","0","Other","0","1","0"
"144","Champsodon vorax",0,10,8.21000003814697,0.500199973583221,"0",3.95000004768372,27.3,"0","0","0","Other","1","0","0"
"145","Chanos chanos",1,76.23,180,1.5,"0",2.40000009536743,28.2,"1","1","1","Other","0","1","0"
"146","Chauliodus sloani",0,32.7,35,0.501999974250793,"0",4.19999980926514,6.4,"0","1","0","Other","0","1","0"
"147","Chaunax suttkusi",1,16.7,26.7000007629395,0.5,"0",4.09000015258789,10.6,"0","0","0","Other","1","0","0"
"148","Cheilodipterus novemstriatus",1,10,8,0.5,"0",3.65000009536743,27.6,"0","0","0","Fusiform_normal","1","0","0"
"149","Cheilopogon exsiliens",0,20,30,0.5,"0",3.02999997138977,26.1,"0","0","0","Other","0","1","0"
"150","Cheilopogon furcatus",1,25,35,0.5,"0",3.96000003814697,26.2,"1","1","1","Other","0","1","0"
"151","Cheilopogon heterurus",0,30,40,0.5,"0",3.40000009536743,17.5,"0","0","0","Other","0","1","0"
"152","Chelidonichthys cuculus",0,46.18,70,0.500999987125397,"0",3.80999994277954,10.1,"0","0","1","Fusiform_normal","1","0","0"
"153","Chelidonichthys lastoviza",0,32,40,0.500999987125397,"0",3.49000000953674,11.8,"0","1","0","Fusiform_normal","1","0","0"
"154","Chelidonichthys lucerna",0,54.94,82.8000030517578,0.500999987125397,"0",3.98000001907349,9.8,"1","1","1","Other","1","0","0"
"155","Chelidonichthys obscurus",0,40.2,50.5,0.500999987125397,"0",3.74000000953674,14.7,"1","1","0","Other","1","0","0"
"156","Chelon auratus",0,35.71,61,0.500500023365021,"0",2.83999991416931,11.9,"1","0","1","Fusiform_normal","0","1","0"
"157","Chelon caeruleus",0,53.28,68.1999969482422,0.559965713535036,"0",2.58999991416931,17.1661904761905,"0","0","0","Other","1","0","0"
"158","Chelon labrosus",1,63.47,75,0.500500023365021,"0",2.58999991416931,11,"1","0","0","Other","1","0","0"
"159","Chelon ramada",0,41.71,70,0.500500023365021,"0",2.33999991416931,11.8,"1","1","0","Fusiform_normal","0","1","0"
"160","Chelon saliens",0,45.17,40,0.500500023365021,"0",2.94000005722046,18.4,"1","0","0","Fusiform_normal","1","0","0"
"161","Chimaera monstrosa",0,68.13,150,0.5,"0",3.75,7.9,"0","0","0","Other","1","0","0"
"162","Chlopsis bicolor",0,32,42,0.500199973583221,"0",3.69000005722046,15.8,"0","0","0","Other","1","0","0"
"163","Chlorophthalmus agassizi",0,40.13,40,0.5,"0",3.71000003814697,12.7,"0","0","0","Other","1","0","0"
"164","Chloroscombrus chrysurus",1,27.78,65,0.75,"0",3.53999996185303,26.2,"0","1","1","Fusiform_normal","0","1","0"
"165","Chlorurus rhakoura",1,41.57,44.2000007629395,0.5,"0",2,28.3,"1","0","0","Fusiform_normal","0","0","1"
"166","Chromis chromis",0,35.46,25,0.5,"0",3.76999998092651,20.1,"0","0","0","Fusiform_normal","0","0","1"
"167","Chromis viridis",0,10,10,0.5,"0",2.92000007629395,28.3,"0","0","0","Other","0","0","1"
"168","Chromogobius quadrivittatus",0,10,6.55000019073486,0.625,"0",3.39000010490417,18.1,"0","0","0","Other","1","0","0"
"169","Chromogobius zebratus",0,10,5.30000019073486,0.625,"0",3.23000001907349,18.749119047619,"0","0","0","Fusiform_normal","1","0","0"
"170","Chrysiptera cyanea",1,10,8.5,0.5,"0",2.45000004768372,28.6,"0","0","0","Fusiform_normal","0","0","1"
"171","Chrysiptera hemicyanea",1,10,7,0.5,"0",2.4300000667572,28.1,"0","0","0","Fusiform_normal","0","0","1"
"172","Citharus linguatula",0,37.19,39.7000007629395,1.01559996604919,"0",3.97000002861023,15.2,"0","0","1","Fusiform_normal","1","0","0"
"173","Clinitrachus argentatus",0,10,10,1,"0",3.5,19.2,"0","0","0","Other","1","0","0"
"174","Coelorinchus caelorhincus",0,59.63,48,0.5,"0",3.49000000953674,13.2,"0","0","0","Other","0","1","0"
"175","Coelorinchus mediterraneus",0,48.15,24.5,0.5,"0",3.46000003814697,13.8244523809524,"0","0","0","Other","1","0","0"
"176","Coelorinchus occa",0,40,50,0.5,"0",3.61999988555908,5.9,"0","0","0","Other","1","0","0"
"177","Conger conger",0,85.83,300,0.5,"0",4.30999994277954,8.7,"0","1","0","Other","1","0","0"
"178","Corcyrogobius liechtensteini",0,10,2.5,0.75,"0",3.03999996185303,17.4733174603175,"0","0","0","Other","1","0","0"
"179","Coregonus lavaretus",1,50.64,73,0.5,"0",3.13000011444092,9.5,"1","0","0","Fusiform_normal","1","0","0"
"180","Coris julis",0,38.53,30,0.5,"0",3.44000005722046,19,"0","1","1","Fusiform_normal","0","0","1"
"181","Coryogalops ocheticus",1,10,6.19999980926514,0.500199973583221,"0",3.22000002861023,18.799,"0","0","0","Fusiform_normal","1","0","0"
"182","Coryphaena equiselis",0,87.42,145.699996948242,1,"0",4.5,22.3,"1","0","1","Fusiform_normal","0","1","0"
"183","Coryphaena hippurus",0,39.64,210,1,"0",4.21000003814697,27.4,"1","0","1","Other","0","1","0"
"184","Coryphaenoides guentheri",0,40,50,0.5,"0",3.25999999046326,4.4,"0","0","0","Other","1","0","0"
"185","Coryphaenoides mediterraneus",0,49.2,73,0.5,"0",3.40000009536743,3.6,"0","0","0","Other","0","1","0"
"186","Coryphoblennius galerita",0,10,7.59999990463257,1,"0",2,18.6,"0","0","0","Other","1","0","0"
"187","Crenidens crenidens",1,20,30,0.625,"0",2.79999995231628,27.4,"1","1","1","Other","1","0","0"
"188","Cryptocentrus caeruleomaculatus",0,10,10,0.5,"0",2.97000002861023,28.5,"0","0","0","Other","0","0","1"
"189","Cryptocentrus caeruleopunctatus",1,10,13,0.5,"0",3.35999989509583,27.7,"0","0","0","Other","0","0","1"
"190","Cryptocentrus steinhardti",0,10,8.1899995803833,0.54825285758291,"0",3.26999998092651,18.6638888888889,"0","0","0","Other","1","0","0"
"191","Crystallogobius linearis",0,13.92,4.69999980926514,1,"0",3.40000009536743,9.8,"0","0","0","Other","1","0","0"
"192","Ctenolabrus rupestris",0,32.5,18,1,"0",3.57999992370605,10.4,"0","0","0","Fusiform_normal","0","0","1"
"193","Cubiceps capensis",0,60.6,101,0.500999987125397,"0",3.41000008583069,21.9,"0","1","1","Fusiform_normal","0","1","0"
"194","Cubiceps gracilis",0,64.2,107,0.500999987125397,"0",3.40000009536743,11.9,"0","0","0","Fusiform_normal","0","1","0"
"195","Cyclichthys spilostylus",1,24,34,0.625,"0",3.46000003814697,27.8,"0","0","0","Other","0","0","1"
"196","Cyclopterus lumpus",1,46.79,61,1,"0",3.67000007629395,7.1,"1","1","1","Other","0","1","0"
"197","Cyclothone braueri",0,10,2.59999990463257,0.500100016593933,"0",3.07999992370605,9.3,"0","0","0","Other","0","1","0"
"198","Cyclothone microdon",0,10,7.59999990463257,0.500100016593933,"0",3.03999996185303,3.2,"0","0","0","Other","0","1","0"
"199","Cyclothone pygmaea",0,10,2,0.500100016593933,"0",3.40000009536743,13.7,"0","0","0","Other","0","1","0"
"200","Cynoglossus sinusarabici",1,10,17.1000003814697,0.5,"0",3.35999989509583,27,"0","0","0","Other","1","0","0"
"201","Cynoponticus ferox",0,90,200,0.625,"0",3.59999990463257,25.7,"0","0","1","Other","1","0","0"
"202","Dactylopterus volitans",0,36.51,50,1.0077999830246,"0",3.65000009536743,23.9,"0","1","1","Fusiform_normal","0","0","1"
"203","Dagetichthys lusitanicus",1,30,40,0.75,"0",3.5699999332428,26.6,"0","1","0","Other","1","0","0"
"204","Dalatias licha",0,65.06,182,1.00199997425079,"0",4.23000001907349,5.3,"0","0","1","Other","1","0","0"
"205","Dalophis imberbis",0,90,150,0.531199991703033,"0",4.01999998092651,16.7,"0","0","0","Other","1","0","0"
"206","Dasyatis chrysonota",0,68.88,75,0.500199973583221,"0",3.8199999332428,24.8,"0","0","0","Other","1","0","0"
"207","Dasyatis marmorata",0,44,60,0.500199973583221,"0",3.55999994277954,26.3,"1","1","0","Other","1","0","0"
"208","Dasyatis pastinaca",0,74.1,69.5,0.500199973583221,"0",4.05000019073486,12.2,"1","1","1","Other","1","0","0"
"209","Dasyatis tortonesei",0,74.1,80,0.500199973583221,"0",4.01999998092651,14.9,"0","0","0","Other","1","0","0"
"210","Decapterus macarellus",0,22.51,46,0.500999987125397,"0",3.96000003814697,21.9,"1","1","1","Fusiform_normal","0","1","0"
"211","Decapterus punctatus",0,33.63,30,0.500999987125397,"0",3.41000008583069,24.3,"0","1","1","Fusiform_normal","0","0","1"
"212","Decapterus russelli",1,24.16,45,0.500999987125397,"0",3.6800000667572,23.2,"1","1","0","Fusiform_normal","0","1","0"
"213","Deltentosteus collonianus",0,10,7,0.75,"0",3.54999995231628,18.4481700680272,"0","0","0","Fusiform_normal","1","0","0"
"214","Deltentosteus quadrimaculatus",0,23.15,10.3000001907349,0.75,"0",3.09999990463257,15.2,"0","0","0","Other","1","0","0"
"215","Dentex canariensis",1,60.05,100,0.500100016593933,"0",3.59999990463257,14.5,"1","1","1","Fusiform_normal","1","0","0"
"216","Dentex dentex",0,66.3,100,0.500100016593933,"0",4.53000020980835,18.1,"1","1","1","Fusiform_normal","0","1","0"
"217","Dentex gibbosus",0,59.52,106,0.500100016593933,"0",4.1399998664856,15.5,"1","1","1","Fusiform_normal","0","1","0"
"218","Dentex macrophthalmus",0,54.3,65,0.500100016593933,"0",3.45000004768372,14.9,"1","0","1","Fusiform_normal","0","1","0"
"219","Dentex maroccanus",0,52.48,45,0.500100016593933,"0",3.84999990463257,13.5,"0","1","1","Fusiform_normal","1","0","0"
"220","Diaphus holti",0,10,7,0.5,"0",3.10999989509583,14.1,"0","0","0","Fusiform_normal","0","1","0"
"221","Diaphus metopoclampus",0,10,7.5,0.5,"0",3.25,10.8,"0","0","0","Fusiform_normal","0","1","0"
"222","Diaphus rafinesquii",0,10,9,0.5,"0",3.40000009536743,10.8,"0","0","0","Other","0","1","0"
"223","Dicentrarchus labrax",0,66.07,103,0.765600025653839,"0",3.47000002861023,10.7,"1","1","1","Fusiform_normal","1","0","0"
"224","Dicentrarchus punctatus",0,55.1,70,0.765600025653839,"0",3.94000005722046,17.3,"1","1","1","Fusiform_normal","0","1","0"
"225","Dicologlossa cuneata",0,31.32,30,0.75,"0",3.3199999332428,18.2,"0","0","0","Other","1","0","0"
"226","Dicologlossa hexophthalma",1,10,20,0.75,"0",3.44000005722046,25.7,"0","0","1","Other","1","0","0"
"227","Didogobius splechtnai",0,10,2.26999998092651,0.503899991512299,"0",3.09999990463257,18.0646575963719,"0","0","0","Other","1","0","0"
"228","Diodon hystrix",1,56.4,91,0.531300008296967,"0",4.01000022888184,27.4,"1","1","1","Other","0","0","1"
"229","Diogenichthys atlanticus",0,10,2.90000009536743,0.625,"0",3.10999989509583,13.4,"0","0","0","Other","0","1","0"
"230","Diplecogaster bimaculata",0,10,6,0.515600025653839,"0",3.39000010490417,10.6,"0","1","0","Other","0","1","0"
"231","Diplecogaster umutturali",0,10,2.69000005722046,0.749551784992218,"0",3.04999995231628,17.8004285714286,"0","0","0","Other","0","1","0"
"232","Diplodus annularis",0,35.68,28,0.5,"0",3.05999994277954,18.3,"1","1","0","Fusiform_normal","0","1","0"
"233","Diplodus bellottii",1,35.74,30,0.5,"0",3.54999995231628,18.9,"1","1","1","Fusiform_normal","0","1","0"
"234","Diplodus cervinus",0,54.55,55,0.5,"0",2.99000000953674,14.9,"1","1","1","Fusiform_normal","0","0","1"
"235","Diplodus puntazzo",0,40.17,60,0.5,"0",3.07999992370605,19.1,"1","1","1","Fusiform_normal","0","1","0"
"236","Diplodus sargus",0,56.85,45,0.5,"0",3.38000011444092,18.8,"0","0","0","Fusiform_normal","1","0","0"
"237","Diplodus vulgaris",0,31.71,45,0.5,"0",3.51999998092651,18.8,"1","1","1","Fusiform_normal","0","1","0"
"238","Dipterygonotus balteatus",1,10,14,1,"0",3.40000009536743,27.4,"0","0","0","Fusiform_normal","0","0","1"
"239","Dipturus batis",0,86.21,285,0.5,"0",3.51999998092651,9.8,"0","1","1","Other","1","0","0"
"240","Dipturus nidarosiensis",0,90,200,0.5,"0",3.5,7.1,"0","0","0","Other","1","0","0"
"241","Dipturus oxyrinchus",0,90,150,0.5,"0",3.5,10.2,"0","1","1","Other","1","0","0"
"242","Dussumieria acuta",0,20.07,20,0.751999974250793,"0",3.40000009536743,28.8,"1","1","1","Fusiform_normal","0","1","0"
"243","Dussumieria elopsoides",1,24.38,20,0.751999974250793,"0",3.40000009536743,28.3,"1","1","1","Fusiform_normal","0","1","0"
"244","Dysomma brevirostre",0,20,30,0.500100016593933,"0",3.75,11.5,"0","0","0","Other","0","1","0"
"245","Echelus myrus",0,60,100,0.5625,"0",4.26000022888184,14.8,"0","0","1","Other","1","0","0"
"246","Echeneis naucrates",0,66,110,0.753899991512299,"0",3.6800000667572,27.2,"1","1","1","Other","0","0","1"
"247","Echiichthys vipera",0,10,15,1.00199997425079,"0",4.40999984741211,10.5,"1","0","1","Other","1","0","0"
"248","Echinorhinus brucus",0,90,310,1,"0",4.38000011444092,8.5,"0","0","1","Other","1","0","0"
"249","Echiodon dentatus",0,10,17,0.500100016593933,"0",3.54999995231628,13.5,"0","0","0","Other","1","0","0"
"250","Echiodon drummondii",0,20,30,0.500100016593933,"0",4.03000020980835,8.4,"0","0","0","Other","1","0","0"
"251","Elagatis bipinnulata",0,50.69,180,1,"0",4.26999998092651,27.5,"1","1","1","Fusiform_normal","0","0","1"
"252","Elates ransonnettii",1,10,19,1,"0",4.1100001335144,28,"0","0","0","Other","1","0","0"
"253","Electrona risso",0,10,8.39999961853027,0.531199991703033,"0",3.40000009536743,10.1,"0","0","0","Other","0","1","0"
"254","Enchelycore anatina",1,72,120,0.500199973583221,"0",4.01999998092651,19.8,"0","1","1","Other","1","0","0"
"255","Encrasicholina gloria",1,10,7.19999980926514,0.503899991512299,"0",3.20000004768372,18.6415,"0","0","0","Other","0","1","0"
"256","Engraulis encrasicolus",0,28.59,20,0.501999974250793,"0",3.11999988555908,10.8,"1","1","1","Other","0","1","0"
"257","Engraulis maeoticus",0,10,9.44999980926514,0.501999974250793,"0",3.02999997138977,18.475,"0","0","0","Other","0","1","0"
"258","Entelurus aequoreus",0,34.25,40,1,"0",3.53999996185303,10.1,"0","0","0","Other","1","0","0"
"259","Ephippion guttifer",0,52,80,1,"0",3.54999995231628,25.7,"1","1","1","Fusiform_normal","1","0","0"
"260","Epigonus constanciae",0,14.03,19.7000007629395,0.5,"0",3.45000004768372,13.3,"0","0","0","Fusiform_normal","1","0","0"
"261","Epigonus denticulatus",0,10,20,0.5,"0",3.42000007629395,11.3,"0","1","0","Fusiform_normal","1","0","0"
"262","Epigonus telescopus",0,69.34,75,0.5,"0",3.58999991416931,8.9,"0","1","0","Fusiform_normal","1","0","0"
"263","Epinephelus aeneus",0,58.02,120,0.5,"0",4.01999998092651,17.1,"1","1","1","Fusiform_normal","1","0","0"
"264","Epinephelus areolatus",1,59.32,47,0.5,"0",3.74000000953674,26.9,"1","0","1","Other","0","0","1"
"265","Epinephelus caninus",0,87.06,164,0.5,"0",3.76999998092651,14.9,"0","0","0","Fusiform_normal","1","0","0"
"266","Epinephelus coioides",1,57.51,120,0.5,"0",4.03999996185303,28.1,"1","1","1","Fusiform_normal","0","0","1"
"267","Epinephelus costae",0,65.72,140,0.5,"0",3.86999988555908,19,"0","1","0","Fusiform_normal","1","0","0"
"268","Epinephelus fasciatus",1,30.28,40,0.5,"0",3.72000002861023,28,"1","0","1","Fusiform_normal","0","0","1"
"269","Epinephelus geoffroyi",1,39.78,40.7999992370605,0.509385714360646,"0",3.8199999332428,18.1406428571429,"0","0","0","Fusiform_normal","0","0","1"
"270","Epinephelus malabaricus",1,40.44,234,0.5,"0",4.15999984741211,28,"1","1","1","Fusiform_normal","0","0","1"
"271","Epinephelus marginatus",0,63.59,150,0.5,"1",4.09999990463257,19,"1","1","1","Fusiform_normal","0","0","1"
"272","Epinephelus merra",1,29.28,36.5,0.5,"0",3.74000000953674,27.8,"1","0","1","Fusiform_normal","0","0","1"
"273","Epinephelus tauvina",0,59.27,100,0.5,"0",4.13000011444092,26.2,"1","1","1","Fusiform_normal","0","0","1"
"274","Equulites klunzingeri",1,31.84,13.3999996185303,0.500999987125397,"0",3.5,26.5,"0","0","0","Fusiform_normal","1","0","0"
"275","Equulites popei",1,13.8,12,0.500999987125397,"0",2.91000008583069,27.3,"1","0","0","Fusiform_normal","1","0","0"
"276","Eretmophorus kleinenbergi",0,10,8.89000034332275,1,"0",3.40000009536743,13.7,"0","0","0","Other","0","1","0"
"277","Etmopterus spinax",0,62.56,60,0.5,"0",4.1399998664856,9.2,"0","1","1","Other","1","0","0"
"278","Etrumeus golanii",1,17.95,20.7999992370605,0.509800016880035,"0",3.45000004768372,16.6052380952381,"0","0","0","Other","0","1","0"
"279","Etrumeus sadina",0,15.77,33,0.509800016880035,"0",3.55999994277954,20.3,"0","1","1","Other","0","1","0"
"280","Eutelichthys leptochirus",0,10,5.09999990463257,1,"0",3.24000000953674,13.2,"0","0","0","Other","1","0","0"
"281","Euthynnus alletteratus",0,40.63,122,0.625,"0",4.28000020980835,23.3,"1","1","1","Fusiform_normal","0","1","0"
"282","Eutrigla gurnardus",0,55.31,60,1,"0",3.86999988555908,10.1,"1","1","0","Other","1","0","0"
"283","Evermannella balbo",0,10.56,16.8500003814697,0.535199999809265,"0",4.19999980926514,8.5,"0","0","0","Other","0","1","0"
"284","Evynnis ehrenbergii",0,35.43,43,0.625,"0",3.41000008583069,16.8671428571429,"0","0","0","Other","0","1","0"
"285","Exocoetus obtusirostris",0,14,24,0.531199991703033,"0",3.04999995231628,27.4,"1","1","1","Fusiform_normal","0","1","0"
"286","Exocoetus volitans",0,20,30,0.531199991703033,"0",3.02999997138977,27.9,"1","1","1","Other","0","1","0"
"287","Facciolella oxyrhynchus",0,51.67,64.9000015258789,0.515600025653839,"0",3.5,13.9,"0","0","0","Other","1","0","0"
"288","Favonigobius melanobranchus",1,10,8.30000019073486,0.501999974250793,"0",3.46000003814697,28.5,"0","0","0","Fusiform_normal","1","0","0"
"289","Fistularia commersonii",1,42.15,160,0.625,"0",4.26000022888184,27.5,"1","1","1","Other","0","0","1"
"290","Fistularia petimba",1,90,200,0.625,"0",4.42999982833862,27.5,"1","1","1","Other","0","0","1"
"291","Gadella maraldi",0,20,30,0.500100016593933,"0",3.45000004768372,14.1,"0","0","1","Other","0","1","0"
"292","Gadiculus argenteus",0,25.07,15.25,0.75,"0",3.59999990463257,7.9,"0","1","0","Fusiform_normal","0","1","0"
"293","Gadus morhua",1,65.4,200,0.625,"0",4.09000015258789,6.6,"1","1","1","Fusiform_normal","0","1","0"
"294","Gaidropsarus biscayensis",0,30,40,0.500100016593933,"0",3.5699999332428,13.9,"0","1","0","Other","0","1","0"
"295","Gaidropsarus granti",0,33.92,36,0.500100016593933,"0",3.59999990463257,10,"0","0","0","Other","1","0","0"
"296","Gaidropsarus mediterraneus",0,25.91,50,0.500100016593933,"0",3.47000002861023,10.1,"1","1","1","Other","1","0","0"
"297","Gaidropsarus vulgaris",0,29.85,60,0.500100016593933,"0",3.47000002861023,9.6,"0","1","1","Other","1","0","0"
"298","Galeocerdo cuvier",1,63.83,750,1,"0",4.55999994277954,26.4,"1","0","1","Fusiform_normal","0","1","0"
"299","Galeoides decadactylus",0,29.94,50,1,"0",3.5699999332428,25.9,"1","1","0","Fusiform_normal","1","0","0"
"300","Galeorhinus galeus",0,75.77,193,1,"0",4.34000015258789,12.3,"1","1","1","Other","0","1","0"
"301","Galeus melastomus",0,35.05,75,0.5,"0",4.17000007629395,10.3,"1","1","1","Other","1","0","0"
"302","Gammogobius steinitzi",0,10,3.79999995231628,1,"0",3.16000008583069,18.7,"0","0","0","Other","1","0","0"
"303","Gasterosteus aculeatus",0,23.78,11,0.515600025653839,"0",3.30999994277954,8,"0","1","1","Fusiform_normal","0","1","0"
"304","Gephyroberyx darwinii",1,44,60,0.75,"0",3.94000005722046,12.2,"0","0","0","Other","0","1","0"
"305","Glaucostegus cemiculus",0,55.06,242,0.515600025653839,"0",4.03999996185303,25.4,"1","1","1","Other","1","0","0"
"306","Glaucostegus halavi",1,90,120,0.515600025653839,"0",4.07000017166138,27.9,"0","1","0","Other","0","1","0"
"307","Glossanodon leioglossus",0,10,20,0.500100016593933,"0",3.5,13,"0","0","0","Other","1","0","0"
"308","Gnathophis mystax",0,44,60,0.5,"0",3.96000003814697,14.2,"0","1","0","Other","1","0","0"
"309","Gobius ater",0,10,7.09999990463257,0.5,"0",3.15000009536743,17.8,"0","0","0","Other","1","0","0"
"310","Gobius auratus",0,10,10,0.5,"0",2.96000003814697,18.1,"0","0","0","Fusiform_normal","1","0","0"
"311","Gobius bucchichi",0,15.43,10,0.5,"0",3.16000008583069,18.5,"0","0","0","Other","1","0","0"
"312","Gobius cobitis",0,28.41,14.1000003814697,0.5,"0",2.97000002861023,18,"1","0","0","Other","1","0","0"
"313","Gobius couchi",0,26.32,17,0.5,"0",2.91000008583069,12.1,"0","0","0","Fusiform_normal","1","0","0"
"314","Gobius cruentatus",0,10,18,0.5,"0",3.36999988555908,17.7,"0","0","0","Other","1","0","0"
"315","Gobius fallax",0,10,9,0.5,"0",3.32999992370605,19.3,"0","0","0","Other","1","0","0"
"316","Gobius gasteveni",0,10,12,0.5,"0",3.1800000667572,11.4,"0","0","0","Other","1","0","0"
"317","Gobius geniporus",0,10,16.5,0.5,"0",3.32999992370605,19.1,"0","0","0","Other","1","0","0"
"318","Gobius incognitus",0,10,9.51000022888184,0.5,"0",3.1800000667572,18.42,"0","0","0","Other","0","1","0"
"319","Gobius kolombatovici",0,10,9.1899995803833,0.5,"0",3.17000007629395,14.7,"0","0","0","Fusiform_normal","1","0","0"
"320","Gobius niger",0,33.07,18,0.5,"0",3.30999994277954,10.8,"0","0","0","Other","1","0","0"
"321","Gobius ophiocephalus",0,31.03,29.8999996185303,1,"0",3.16000008583069,17.1,"0","0","0","Fusiform_normal","1","0","0"
"322","Gobius paganellus",0,19.37,13,0.5,"0",3.29999995231628,17.7,"0","0","0","Other","1","0","0"
"323","Gobius roulei",0,10,8,0.5,"0",3.14000010490417,13.5,"0","0","0","Other","1","0","0"
"324","Gobius strictus",0,10,6.5,0.5,"0",3.14000010490417,18.5055317460317,"0","0","0","Other","1","0","0"
"325","Gobius vittatus",0,11.65,5.80000019073486,0.5,"0",2.94000005722046,18.4,"0","0","0","Other","1","0","0"
"326","Gobius xanthocephalus",0,10,10,0.5,"0",3.16000008583069,18.2,"0","0","0","Fusiform_normal","1","0","0"
"327","Gobius xoriguer",0,10,6.34999990463257,0.574555712938309,"0",3.11999988555908,18.8057857142857,"0","0","0","Fusiform_normal","1","0","0"
"328","Gonichthys cocco",0,10,6,0.5625,"0",3.21000003814697,10.8,"0","0","0","Other","0","1","0"
"329","Gonostoma denudatum",0,10,14.3999996185303,0.75,"0",3.29999995231628,14.1,"0","0","0","Other","0","1","0"
"330","Gouania orientalis",0,10,3.75300002098083,0.658561785731997,"0",3.07999992370605,18.3012142857143,"0","0","0","Other","1","0","0"
"331","Gouania willdenowi",0,10,4.6100001335144,1,"0",3.09999990463257,19.3,"0","0","0","Other","1","0","0"
"332","Grammonus ater",0,10,12,0.500500023365021,"0",3.5,18.8,"0","0","0","Other","0","0","1"
"333","Guttigadus latifrons",0,12.2,18.2000007629395,0.507799983024597,"0",3.36999988555908,5.6,"0","0","0","Other","1","0","0"
"334","Gymnammodytes cicerelus",0,10,17,0.625,"0",3.40000009536743,14.3,"0","0","0","Other","1","0","0"
"335","Gymnammodytes semisquamatus",1,26.6,30,0.625,"0",2.6800000667572,10.4,"0","1","0","Other","1","0","0"
"336","Gymnesigobius medits",0,10,4.26000022888184,0.623483997838838,"0",3.19000005722046,18.7218888888889,"0","0","0","Other","1","0","0"
"337","Gymnothorax reticularis",1,44,60,0.5,"0",3.97000002861023,27.3,"0","1","0","Other","1","0","0"
"338","Gymnothorax unicolor",0,60,100,0.5,"0",3.44000005722046,19.2,"1","1","1","Other","1","0","0"
"339","Gymnura altavela",0,50.8,400,0.5,"0",4.5,23.6,"1","1","1","Other","1","0","0"
"340","Halobatrachus didactylus",0,40,50,1,"0",3.95000004768372,19.8,"1","1","0","Fusiform_normal","1","0","0"
"341","Halosaurus ovenii",1,44,60,0.501999974250793,"0",3.50999999046326,6.3,"0","0","0","Other","1","0","0"
"342","Hazeus ingressus",0,10,2.5,0.660731784786497,"0",3.13000011444092,18.2958888888889,"0","0","0","Other","0","1","0"
"343","Helicolenus dactylopterus",0,68.14,50,0.501999974250793,"0",3.94000005722046,10.6,"0","1","1","Fusiform_normal","1","0","0"
"344","Hemiramphus far",1,23.6,45,0.500500023365021,"0",2.91000008583069,28.5,"1","1","1","Other","0","0","1"
"345","Heniochus intermedius",1,10,18,0.503899991512299,"0",3.45000004768372,27,"0","0","0","Other","0","0","1"
"346","Heptranchias perlo",0,84,137,1.07809996604919,"0",4.15999984741211,12.5,"0","0","1","Other","1","0","0"
"347","Herklotsichthys punctatus",1,10,11.6999998092651,0.500199973583221,"0",3.08999991416931,28.9,"1","1","0","Fusiform_normal","0","1","0"
"348","Hexanchus griseus",0,90,482,0.828100025653839,"0",4.48000001907349,8.1,"1","1","1","Other","1","0","0"
"349","Himantura uarnak",1,90,200,0.5,"0",3.59999990463257,27.8,"1","1","1","Other","0","0","1"
"350","Hippocampus fuscus",1,10,14.3999996185303,0.5,"0",3.39000010490417,28.2,"0","0","0","Other","1","0","0"
"351","Hippocampus guttulatus",0,24.22,21.5,0.5,"0",3.5,18.6,"0","0","0","Other","1","0","0"
"352","Hippocampus hippocampus",0,10,15,0.5,"0",3.15000009536743,17.8,"0","0","0","Other","1","0","0"
"353","Hirundichthys rondeletii",0,20,30,0.500199973583221,"0",3.03999996185303,24.5,"1","1","1","Other","0","1","0"
"354","Hirundichthys speculiger",0,20.62,25.1000003814697,0.500199973583221,"0",3.02999997138977,1.5,"1","1","1","Other","0","1","0"
"355","Holacanthus africanus",1,35,45,0.507799983024597,"0",2.98000001907349,26.9,"0","0","0","Other","0","0","1"
"356","Holacanthus ciliaris",1,35,45,0.507799983024597,"0",2.99000000953674,26.7,"0","0","0","Other","0","0","1"
"357","Hoplostethus mediterraneus",0,67.04,42,0.5,"0",3.49000000953674,10.3,"0","1","1","Other","0","1","0"
"358","Huso huso",0,88.74,800,0.75,"0",4.42000007629395,9.1,"0","0","1","Other","0","1","0"
"359","Hygophum benoiti",0,10,5.5,0.501999974250793,"0",3,14,"0","0","0","Fusiform_normal","0","1","0"
"360","Hygophum hygomii",0,10,7.69999980926514,0.501999974250793,"0",3,11.8,"0","0","0","Fusiform_normal","0","1","0"
"361","Hymenocephalus italicus",0,40.98,25,0.5,"0",3.38000011444092,12.6,"0","0","0","Other","0","1","0"
"362","Hyperoglyphe perciformis",0,56.4,91,0.515600025653839,"0",3.9300000667572,11.6,"0","0","0","Fusiform_normal","0","1","0"
"363","Hypleurochilus bananensis",0,10,12,0.500500023365021,"0",3.20000004768372,20,"0","0","0","Fusiform_normal","1","0","0"
"364","Hyporhamphus affinis",1,36.36,38,0.5,"0",3.46000003814697,28.4,"0","0","0","Other","0","0","1"
"365","Hyporhamphus picarti",0,10,20,0.5,"0",2,21.9,"1","1","1","Other","0","1","0"
"366","Hyporthodus haifensis",0,75,125,0.500100016593933,"0",3.98000001907349,15.6,"0","0","1","Fusiform_normal","1","0","0"
"367","Ichthyococcus ovatus",0,10,8.5,0.507799983024597,"0",3.40000009536743,12.8,"0","0","0","Fusiform_normal","0","1","0"
"368","Iniistius pavo",1,32,42,0.5,"0",3.53999996185303,27.8,"0","1","1","Fusiform_normal","0","0","1"
"369","Istiompax indica",1,78.22,465,1.00049996376038,"0",4.5,25.4,"1","0","1","Other","0","1","0"
"370","Istiophorus albicans",0,59.78,315,0.750500023365021,"0",4.5,23.5,"1","0","1","Other","0","1","0"
"371","Isurus oxyrinchus",0,79.38,445,0.781300008296967,"0",4.51999998092651,17.4,"1","1","1","Fusiform_normal","0","1","0"
"372","Jaydia queketti",1,10,12.3000001907349,0.5,"0",3.52999997138977,23.5,"0","1","0","Fusiform_normal","0","1","0"
"373","Jaydia smithi",1,10,14.5,0.5,"0",3.57999992370605,25.9,"0","0","0","Fusiform_normal","1","0","0"
"374","Kajikia albida",0,41.31,300,0.750500023365021,"0",4.48999977111816,25.1,"1","0","0","Other","0","1","0"
"375","Katsuwonus pelamis",0,38.12,110,1,"0",4.42999982833862,26.2,"1","1","1","Fusiform_normal","0","1","0"
"376","Knipowitschia caucasica",0,10,5,0.5,"0",3.33999991416931,17.6,"0","0","0","Other","1","0","0"
"377","Kyphosus incisor",1,65.88,90,0.5,"0",2,27.2,"1","0","0","Fusiform_normal","0","0","1"
"378","Kyphosus sectatrix",0,50.4,76,0.5,"0",2,27,"0","0","0","Fusiform_normal","0","0","1"
"379","Labrus bergylta",0,66.55,65.9000015258789,0.5625,"0",3.97000002861023,10.5,"1","0","0","Fusiform_normal","0","0","1"
"380","Labrus merula",0,44.23,45,0.5625,"0",3.54999995231628,19.2,"0","0","0","Fusiform_normal","0","0","1"
"381","Labrus mixtus",0,58.42,40,0.5625,"0",3.91000008583069,10,"0","0","0","Fusiform_normal","0","0","1"
"382","Labrus viridis",0,34.31,47,0.5625,"0",3.9300000667572,18.9,"0","0","0","Fusiform_normal","0","0","1"
"383","Lactophrys trigonus",0,42,55,0.625,"0",3.28999996185303,25.5,"0","0","1","Other","0","0","1"
"384","Lagocephalus guentheri",1,27.4,37.4000015258789,0.500500023365021,"0",3.63000011444092,26.5,"0","1","0","Other","1","0","0"
"385","Lagocephalus lagocephalus",0,44.4,61,0.500500023365021,"0",3.73000001907349,26.1,"1","1","0","Fusiform_normal","0","1","0"
"386","Lagocephalus sceleratus",1,40.34,110,0.500500023365021,"0",3.70000004768372,27.3,"0","0","0","Fusiform_normal","0","0","1"
"387","Lagocephalus spadiceus",0,33.1,37.4000015258789,0.500500023365021,"0",3.66000008583069,26.8,"0","1","0","Other","1","0","0"
"388","Lagocephalus suezensis",1,10,19.5,0.500500023365021,"0",3.49000000953674,27.6,"0","0","0","Other","1","0","0"
"389","Lamna nasus",0,74.1,350,0.781300008296967,"0",4.46000003814697,7.8,"1","1","1","Fusiform_normal","0","1","0"
"390","Lampanyctus crocodilus",0,26.6,30,0.5,"0",3.22000002861023,7.9,"0","0","0","Other","0","1","0"
"391","Lampanyctus pusillus",0,10,4.30000019073486,0.5,"0",3.40000009536743,12.3,"0","0","0","Other","0","1","0"
"392","Lampetra fluviatilis",1,61.99,50,0.500199973583221,"0",4.5,9.8,"1","0","0","Other","1","0","0"
"393","Lampris guttatus",0,60,200,1,"0",4.21999979019165,12.1,"0","1","1","Other","0","1","0"
"394","Lappanella fasciata",0,10,15,0.75,"0",3.30999994277954,14.3,"0","0","0","Other","0","0","1"
"395","Lebetus guilleti",0,10,2.5,0.75,"0",3.10999989509583,12.4,"0","0","0","Fusiform_normal","0","0","1"
"396","Lebetus patzneri",0,10,1.67999994754791,0.805672857023421,"0",3.00999999046326,17.178,"0","0","0","Other","0","0","1"
"397","Lepadogaster candolii",0,10,7.5,0.625,"0",2.77999997138977,18.2,"0","0","0","Other","1","0","0"
"398","Lepadogaster lepadogaster",0,10,6.5,0.625,"0",3.14000010490417,19,"0","0","0","Other","1","0","0"
"399","Lepadogaster purpurea",0,10,7.5,0.625,"0",3.15000009536743,17.432380952381,"0","0","0","Other","1","0","0"
"400","Lepidion guentheri",0,59.53,81,0.501999974250793,"0",3.5699999332428,4.3,"0","0","0","Other","0","1","0"
"401","Lepidion lepidion",0,52.82,44,0.501999974250793,"0",3.58999991416931,13.2,"0","0","1","Fusiform_normal","0","1","0"
"402","Lepidopus caudatus",0,53.11,210,0.515600025653839,"0",3.8199999332428,12.1,"0","0","1","Other","0","1","0"
"403","Lepidorhombus boscii",0,47.78,40,0.751999974250793,"0",3.74000000953674,11.5,"0","1","0","Fusiform_normal","1","0","0"
"404","Lepidorhombus whiffiagonis",0,59.63,60,0.751999974250793,"0",4.34000015258789,7.7,"0","1","0","Fusiform_normal","1","0","0"
"405","Lepidotrigla cavillone",0,24.53,20,0.5,"0",3.32999992370605,15,"0","0","0","Fusiform_normal","1","0","0"
"406","Lepidotrigla dieuzeidei",0,10,20,0.5,"0",3.66000008583069,14.6,"0","1","0","Fusiform_normal","1","0","0"
"407","Lestidiops jayakari",0,10,20,0.5,"0",4.23000001907349,9.9,"0","0","0","Other","0","1","0"
"408","Lestidiops pseudosphyraenoides",0,10,9.5,0.5,"0",3.94000005722046,17.2658571428571,"0","0","0","Other","0","1","0"
"409","Lestidiops sphyrenoides",0,22.94,27,0.5,"0",4.5,14.2,"0","0","0","Other","0","1","0"
"410","Lestidium atlanticum",0,15,25,0.5625,"0",4.13000011444092,11.9,"0","0","0","Other","0","1","0"
"411","Lesueurigobius friesii",0,20.62,13,0.531199991703033,"0",3.35999989509583,10.4,"0","0","0","Other","1","0","0"
"412","Lesueurigobius sanzi",0,10,11,0.531199991703033,"0",3.32999992370605,17.1,"0","0","0","Fusiform_normal","1","0","0"
"413","Lesueurigobius suerii",0,10,7.5,0.531199991703033,"0",3.54999995231628,14.7,"0","0","0","Other","1","0","0"
"414","Leucoraja circularis",0,72,120,0.5,"0",3.5,11.3,"0","0","0","Other","1","0","0"
"415","Leucoraja fullonica",0,72,120,0.5,"0",3.5,9.5,"0","0","0","Other","1","0","0"
"416","Leucoraja melitensis",0,40.8,52,0.5,"0",3.28500008583069,14,"0","0","0","Other","1","0","0"
"417","Leucoraja naevus",0,47.79,81,0.5,"0",4.21000003814697,10.5,"0","0","0","Other","1","0","0"
"418","Lichia amia",0,90,200,1,"0",4.5,26.3,"1","1","1","Fusiform_normal","0","1","0"
"419","Lipophrys pholis",0,32.79,17,0.75,"0",3.47000002861023,12.3,"0","0","0","Fusiform_normal","1","0","0"
"420","Lipophrys trigloides",0,10,13,0.75,"0",2,18.9,"0","0","0","Other","1","0","0"
"421","Lithognathus mormyrus",0,40.38,55,0.5625,"0",3.42000007629395,24.4,"1","0","1","Fusiform_normal","1","0","0"
"422","Lobianchia dofleini",0,10,5,0.75,"0",3.01999998092651,4.4,"0","0","0","Fusiform_normal","0","1","0"
"423","Lobianchia gemellarii",0,10,6,0.75,"0",3,13.7,"0","0","0","Other","0","1","0"
"424","Lobotes surinamensis",0,34.52,110,1,"0",4.03999996185303,27.4,"1","0","1","Other","0","1","0"
"425","Lophius budegassa",0,67.7,100,0.507799983024597,"0",4.40999984741211,11.1,"0","1","0","Fusiform_normal","1","0","0"
"426","Lophius piscatorius",0,63.84,200,0.507799983024597,"0",4.44999980926514,7.7,"0","1","0","Other","1","0","0"
"427","Lophotus lacepede",0,90,200,0.6875,"0",4.5,22.1,"0","0","1","Other","0","1","0"
"428","Lutjanus argentimaculatus",1,59.54,150,0.5,"0",3.57999992370605,28,"1","1","1","Fusiform_normal","0","0","1"
"429","Lutjanus fulviflamma",1,19.32,35,0.5,"0",3.78999996185303,28.1,"1","1","1","Fusiform_normal","0","0","1"
"430","Lutjanus jocu",1,66.26,128,0.5,"0",4.40999984741211,25.8,"1","0","1","Fusiform_normal","0","0","1"
"431","Lutjanus sebae",1,58.91,116,0.5,"0",4.09000015258789,27.1,"1","1","1","Other","0","0","1"
"432","Luvarus imperialis",0,90,200,1.5,"0",3.78999996185303,24.6,"0","0","1","Fusiform_normal","0","1","0"
"433","Macroramphosus scolopax",0,26.56,20,0.750199973583221,"0",3.47000002861023,13.6,"1","1","0","Other","1","0","0"
"434","Makaira nigricans",0,51.7,500,0.750500023365021,"0",4.48999977111816,22.4,"1","0","1","Other","0","1","0"
"435","Maurolicus muelleri",0,14.58,8,0.5,"0",3.00999999046326,7.1,"0","1","0","Other","0","1","0"
"436","Melanostigma atlanticum",0,10,15,0.503899991512299,"0",3.17000007629395,5.8,"0","0","0","Other","0","1","0"
"437","Merlangius merlangus",0,46.3,91.5,1,"0",4.3600001335144,9.2,"1","1","1","Fusiform_normal","0","1","0"
"438","Merluccius merluccius",0,64.77,140,0.5,"0",4.46999979019165,10.2,"1","1","1","Other","1","0","0"
"439","Microchirus azevia",1,33.63,40,0.507799983024597,"0",3.1800000667572,13.8,"0","0","0","Other","1","0","0"
"440","Microchirus boscanion",1,10,20,0.507799983024597,"0",3.17000007629395,20.4,"0","1","0","Other","1","0","0"
"441","Microchirus ocellatus",0,11,21,0.507799983024597,"0",3.17000007629395,17.1,"0","0","0","Other","1","0","0"
"442","Microchirus variegatus",0,44.08,35,0.507799983024597,"0",3.27999997138977,10.3,"0","0","0","Other","1","0","0"
"443","Microichthys coccoi",0,10,3,0.75,"0",3.0699999332428,13.84,"0","0","0","Other","1","0","0"
"444","Microichthys sanzoi",0,10,6,0.75,"0",3.20000004768372,17.5742142857143,"0","0","0","Other","1","0","0"
"445","Microlipophrys adriaticus",0,10,5,0.507799983024597,"0",3.35999989509583,18.7,"0","0","0","Other","1","0","0"
"446","Microlipophrys canevae",0,10,7.5,0.507799983024597,"0",2.14000010490417,18.9,"0","0","0","Other","1","0","0"
"447","Microlipophrys dalmatinus",0,10,5.80000019073486,0.507799983024597,"0",2.30999994277954,18.9,"0","0","0","Other","1","0","0"
"448","Microlipophrys nigriceps",0,10,4.30000019073486,0.507799983024597,"0",2.5,19.2,"0","0","0","Other","1","0","0"
"449","Micromesistius poutassou",1,31.8,55.5,0.75,"0",4.13000011444092,7,"1","0","1","Other","0","1","0"
"450","Microstoma microstoma",0,11,21,1,"0",3.40000009536743,13.4,"0","0","0","Other","0","1","0"
"451","Millerigobius macrocephalus",0,10,4.34999990463257,1,"0",3.19000005722046,19.1,"0","0","0","Fusiform_normal","1","0","0"
"452","Minyichthys sentus",0,10,6,0.5625,"0",3.17000007629395,18.9,"0","0","0","Other","1","0","0"
"453","Mobula japanica",1,58.56,310,0.500500023365021,"0",3.41000008583069,27.4,"1","0","0","Other","0","0","1"
"454","Mobula mobular",0,86.35,520,0.500500023365021,"0",3.71000003814697,15.8,"1","1","1","Other","0","1","0"
"455","Mola mola",0,66.61,333,0.656199991703033,"0",3.27999997138977,10.2,"1","1","1","Other","0","1","0"
"456","Molva dypterygia",0,75.46,155,0.625,"0",4.48999977111816,6.3,"0","1","1","Other","1","0","0"
"457","Molva macrophthalma",0,64.8,108,0.625,"0",4.5,11.2,"0","0","0","Other","1","0","0"
"458","Molva molva",0,77.21,200,0.625,"0",4.40000009536743,7.7,"1","1","1","Other","1","0","0"
"459","Monochirus hispidus",0,30.06,22,0.75,"0",3.46000003814697,15.7,"0","0","1","Other","1","0","0"
"460","Monotaxis grandoculis",1,44,60,0.75,"0",3.45000004768372,28,"1","0","1","Fusiform_normal","0","0","1"
"461","Mora moro",0,68.93,80,1,"0",3.75,5,"0","1","1","Fusiform_normal","0","1","0"
"462","Morone saxatilis",1,60.64,200,0.578100025653839,"0",4.65000009536743,9.3,"1","0","1","Fusiform_normal","1","0","0"
"463","Mugil cephalus",0,42.76,100,0.5,"0",2.48000001907349,23.2,"1","1","1","Fusiform_normal","0","1","0"
"464","Mullus barbatus",0,34.36,38.2000007629395,0.5625,"0",3.14000010490417,14.2,"1","1","1","Fusiform_normal","1","0","0"
"465","Mullus surmuletus",0,41.64,40,0.5625,"0",3.45000004768372,10.2,"1","1","1","Fusiform_normal","1","0","0"
"466","Muraena helena",0,79.49,150,0.500999987125397,"0",4.17999982833862,14.4,"1","0","1","Other","0","0","1"
"467","Muraenesox cinereus",1,61.77,220,0.625,"0",4.38000011444092,17.4,"1","1","1","Fusiform_normal","1","0","0"
"468","Mustelus asterias",0,69.95,140,0.5,"0",3.61999988555908,10.1,"1","1","1","Other","1","0","0"
"469","Mustelus mustelus",0,73.58,200,0.5,"0",4.26000022888184,15.3,"1","1","1","Other","1","0","0"
"470","Mustelus punctulatus",0,51.06,190,0.5,"0",3.8199999332428,18.8,"1","1","1","Other","1","0","0"
"471","Mycteroperca fusca",1,52,80,0.5,"0",4.28000020980835,19.9,"0","0","0","Fusiform_normal","1","0","0"
"472","Mycteroperca rubra",0,67.26,144,0.5,"0",4.13000011444092,19.4,"0","1","1","Fusiform_normal","1","0","0"
"473","Myctophum punctatum",0,32.31,11,0.5,"0",3.39000010490417,7.9,"0","0","0","Other","0","1","0"
"474","Myliobatis aquila",0,82.5,183,0.500199973583221,"0",3.60999989509583,15.2,"1","1","1","Other","0","1","0"
"475","Mystriophis crosnieri",0,58.6,96.5,0.75,"0",3.5,15.3,"0","0","0","Other","1","0","0"
"476","Myxine glutinosa",0,51.44,95,0.5,"0",3.44000005722046,5.3,"0","0","0","Other","0","1","0"
"477","Nansenia oblita",0,11.96,18,0.5,"0",3.21000003814697,13.5,"0","0","0","Other","0","1","0"
"478","Naucrates ductor",0,48,70,1,"0",3.41000008583069,20.9,"1","0","1","Fusiform_normal","0","0","1"
"479","Nemichthys scolopaceus",0,50.54,130,0.626999974250793,"0",3.4300000667572,10.2,"0","1","0","Other","0","1","0"
"480","Nemipterus japonicus",0,20.71,34,0.5,"0",4.11999988555908,28.4,"1","1","1","Fusiform_normal","1","0","0"
"481","Nemipterus randalli",1,36.57,27,0.5,"0",3.83999991416931,21.42,"0","1","1","Fusiform_normal","1","0","0"
"482","Nerophis lumbriciformis",0,28.75,15,0.625,"0",4.03000020980835,11,"0","0","0","Other","1","0","0"
"483","Nerophis maculatus",0,20,30,0.625,"0",3.40000009536743,18.8,"0","0","0","Other","1","0","0"
"484","Nerophis ophidion",0,16.82,29,0.625,"0",3.53999996185303,13.5,"0","0","0","Other","1","0","0"
"485","Nettastoma melanura",0,51.92,79.8000030517578,0.531199991703033,"0",3.5,10.2,"0","0","0","Other","0","1","0"
"486","Netuma thalassina",0,47.65,185,0.625,"0",3.53999996185303,26.8,"1","1","1","Fusiform_normal","1","0","0"
"487","Nezumia aequalis",0,26,36,0.5,"0",3.25999999046326,9.3,"0","1","0","Other","0","1","0"
"488","Nezumia sclerorhynchus",0,59.51,36,0.5,"0",3.1800000667572,12.3,"0","1","0","Other","0","1","0"
"489","Notacanthus bonaparte",0,16,26,0.516099989414215,"0",3.9300000667572,12.9,"0","0","0","Other","0","1","0"
"490","Notoscopelus bolini",0,10,10.1999998092651,0.515600025653839,"0",3.14000010490417,14.3,"0","0","0","Other","0","1","0"
"491","Notoscopelus elongatus",0,10,14.1999998092651,0.515600025653839,"0",3.40000009536743,13.6,"0","0","0","Other","0","1","0"
"492","Notoscopelus kroyeri",0,38.55,14.3000001907349,0.515600025653839,"0",3.17000007629395,6.8,"0","0","0","Other","0","1","0"
"493","Oblada melanurus",0,34.35,36.5999984741211,1,"0",3.38000011444092,19.6,"1","1","1","Fusiform_normal","0","1","0"
"494","Odondebuenia balearica",0,10,3.20000004768372,1,"0",3.08999991416931,16.3,"0","0","0","Other","1","0","0"
"495","Odontaspis ferox",0,90,450,0.8125,"0",4.15999984741211,17.3,"1","1","1","Fusiform_normal","0","1","0"
"496","Oedalechilus labeo",0,33.22,25,1,"0",2.53999996185303,19.3,"0","0","0","Fusiform_normal","1","0","0"
"497","Omobranchus punctatus",1,10,9.5,0.5,"0",2.53999996185303,28.4,"0","0","0","Other","0","1","0"
"498","Opeatogenys gracilis",0,10,3,0.75,"0",3.03999996185303,17.8200718820862,"0","0","0","Other","1","0","0"
"499","Ophichthus ophis",0,90,210,0.5,"0",4.5,24.8,"0","1","1","Other","1","0","0"
"500","Ophichthus rufus",0,44,60,0.5,"0",4.30999994277954,19.2,"0","0","0","Other","1","0","0"
"501","Ophidion barbatum",0,15.4,25.3999996185303,0.5,"0",3.5699999332428,13.8,"0","0","0","Other","1","0","0"
"502","Ophidion rochei",0,19.25,29.25,0.5,"0",3.59999990463257,16.5,"0","0","0","Other","1","0","0"
"503","Ophioblennius atlanticus",1,10,19,0.531199991703033,"0",2.00999999046326,19.7610714285714,"0","0","0","Fusiform_normal","0","0","1"
"504","Ophisurus serpens",0,90,250,0.75,"0",4.1399998664856,19.7,"0","1","1","Other","1","0","0"
"505","Oplegnathus fasciatus",1,52,80,0.515600025653839,"0",3.54999995231628,22,"0","0","0","Other","0","0","1"
"506","Orcynopsis unicolor",0,86.58,130,1,"0",4.5,16.3,"1","0","1","Fusiform_normal","0","1","0"
"507","Ostorhinchus fasciatus",1,10,12.6000003814697,0.5,"0",3.63000011444092,28.1,"0","1","0","Other","0","0","1"
"508","Ostracion cubicum",1,35,45,0.503899991512299,"0",3.36999988555908,28,"0","1","0","Other","0","0","1"
"509","Oxynotus centrina",0,90,150,0.5625,"0",3.05999994277954,13.3,"0","0","1","Other","1","0","0"
"510","Oxyurichthys papuensis",0,12,22,0.5,"0",3.5,27.9,"0","0","0","Fusiform_normal","0","0","1"
"511","Pagellus acarne",0,36.56,36,0.515600025653839,"0",3.49000000953674,14.8,"0","1","1","Fusiform_normal","0","1","0"
"512","Pagellus bellottii",1,48.9,42,0.515600025653839,"0",3.59999990463257,25.2,"1","1","1","Fusiform_normal","1","0","0"
"513","Pagellus bogaraveo",0,63.82,70,0.515600025653839,"0",4.21000003814697,11.2,"0","1","1","Fusiform_normal","0","1","0"
"514","Pagellus erythrinus",0,39.81,60,0.515600025653839,"0",3.48000001907349,17.2,"1","1","1","Fusiform_normal","0","1","0"
"515","Pagrus auriga",0,59.04,80,0.515600025653839,"0",3.83999991416931,19,"1","0","1","Other","0","1","0"
"516","Pagrus caeruleostictus",0,45.6,90,0.515600025653839,"0",3.66000008583069,17.5,"1","0","1","Other","0","1","0"
"517","Pagrus major",1,58.39,100,0.515600025653839,"0",4.46000003814697,21.8,"0","0","1","Fusiform_normal","1","0","0"
"518","Pagrus pagrus",0,47.89,91,0.515600025653839,"0",3.85999989509583,24.1,"1","0","1","Fusiform_normal","0","1","0"
"519","Pampus argenteus",1,31.18,60,0.531300008296967,"0",3.29999995231628,28.1,"1","1","1","Other","0","1","0"
"520","Papilloculiceps longiceps",1,48,70,1,"0",4.01999998092651,28.1,"1","0","1","Other","0","0","1"
"521","Parablennius gattorugine",0,20.52,30,0.5,"0",2.73000001907349,17.4,"1","0","1","Fusiform_normal","1","0","0"
"522","Parablennius incognitus",0,10,8,0.5,"0",2.72000002861023,18.9,"0","0","0","Fusiform_normal","1","0","0"
"523","Parablennius pilicornis",0,10,12.6999998092651,0.5,"0",3.22000002861023,26.4,"0","0","0","Fusiform_normal","1","0","0"
"524","Parablennius rouxi",0,10,8,0.5,"0",2.85999989509583,18.1,"0","0","0","Other","1","0","0"
"525","Parablennius sanguinolentus",0,10,20,0.5,"0",2.76999998092651,18.6,"1","0","1","Fusiform_normal","1","0","0"
"526","Parablennius tentacularis",0,10,15,0.5,"0",3.30999994277954,19.2,"0","0","0","Fusiform_normal","1","0","0"
"527","Parablennius thysanius",1,10,6.19999980926514,0.5,"0",2.89000010490417,28.4,"0","0","0","Fusiform_normal","1","0","0"
"528","Parablennius zvonimiri",0,10,7,0.5,"0",2.88000011444092,18.8,"0","0","0","Fusiform_normal","1","0","0"
"529","Paracanthurus hepatus",1,21,31,1,"0",3.40000009536743,27.9,"0","0","0","Other","0","0","1"
"530","Paralepis coregonoides",0,44.4,50,0.5625,"0",4.07000017166138,7.4,"0","0","0","Other","0","1","0"
"531","Paralichthys lethostigma",1,43.52,83,0.5,"0",3.48000001907349,23.9,"1","0","1","Other","1","0","0"
"532","Paranthias furcifer",1,38.14,30,0.75,"0",3.21000003814697,26.1,"1","0","1","Fusiform_normal","0","0","1"
"533","Parapristipoma humile",0,27.5,37.5,0.5625,"0",3.54999995231628,17.2885714285714,"0","1","0","Fusiform_normal","1","0","0"
"534","Parapristipoma octolineatum",0,44.4,50,0.5625,"0",3.54999995231628,20.1,"0","1","1","Fusiform_normal","1","0","0"
"535","Parexocoetus mento",1,10,11,0.625,"0",3.28999996185303,28.5,"1","0","1","Other","0","1","0"
"536","Parophidion vassali",0,20.5,25,0.75,"0",3.49000000953674,14.6,"0","0","0","Other","1","0","0"
"537","Parupeneus forsskali",1,15.09,28,0.5,"0",3.53999996185303,27.7,"1","0","1","Fusiform_normal","0","0","1"
"538","Pegusa impar",0,28.08,35,0.531199991703033,"0",3.32999992370605,18.8,"0","0","0","Other","1","0","0"
"539","Pegusa lascaris",0,28.86,40,0.531199991703033,"0",3.28999996185303,18.1,"0","0","1","Other","1","0","0"
"540","Pegusa nasuta",0,11.7,21.7000007629395,0.531199991703033,"0",3.26999998092651,18,"0","1","0","Other","1","0","0"
"541","Pelates quadrilineatus",1,20,30,0.625,"0",3.58999991416931,28,"1","1","1","Fusiform_normal","0","0","1"
"542","Pempheris mangula",1,10,16,0.5,"0",3.41000008583069,28,"0","0","0","Other","1","0","0"
"543","Pempheris rhomboidea",1,10,13.1999998092651,0.5,"0",3.41000008583069,16.8412857142857,"0","0","0","Other","0","1","0"
"544","Perccottus glenii",1,50.99,25,1,"0",3.63000011444092,17.1142857142857,"0","0","0","Fusiform_normal","1","0","0"
"545","Peristedion cataphractum",0,38.25,40,0.5,"0",3.54999995231628,13.8,"0","1","0","Fusiform_normal","1","0","0"
"546","Petromyzon marinus",1,72.15,120,1,"0",4.36999988555908,7.1,"1","0","0","Other","1","0","0"
"547","Petroscirtes ancylodon",1,10,11.5,0.500500023365021,"0",2.14000010490417,27.5,"0","0","0","Fusiform_normal","1","0","0"
"548","Phycis blennoides",0,52.2,110,0.625500023365021,"0",3.66000008583069,9.1,"1","1","1","Fusiform_normal","0","1","0"
"549","Phycis phycis",0,44.59,65,0.625500023365021,"0",4.25,14.9,"1","0","1","Fusiform_normal","0","1","0"
"550","Physiculus dalwigki",0,20,30,0.5,"0",3.42000007629395,13.9,"0","0","1","Other","0","1","0"
"551","Pinguipes brasilianus",1,48,70,0.75,"0",3.46000003814697,7.9,"0","1","0","Other","1","0","0"
"552","Pisodonophis semicinctus",1,52,80,0.501999974250793,"0",3.54999995231628,27.3,"0","0","0","Other","1","0","0"
"553","Planiliza carinata",1,24.97,24.3999996185303,0.515600025653839,"0",2.53999996185303,26.1,"1","1","1","Fusiform_normal","0","1","0"
"554","Planiliza haematocheilus",1,58,80,0.507799983024597,"0",2.5,22.4,"0","0","0","Fusiform_normal","0","1","0"
"555","Platax teira",1,48,70,0.531300008296967,"0",3.95000004768372,28.2,"0","1","1","Other","0","0","1"
"556","Platichthys flesus",0,48.72,60,0.75,"0",3.3199999332428,10.2,"1","1","1","Other","1","0","0"
"557","Platycephalus indicus",1,34.86,100,0.5,"0",3.59999990463257,26.5,"1","0","1","Other","0","0","1"
"558","Plectorhinchus gaterinus",1,40,50,0.5,"0",3.99000000953674,27.5,"1","1","1","Fusiform_normal","0","0","1"
"559","Plectorhinchus mediterraneus",0,53.85,80,0.5,"0",3.49000000953674,19,"0","0","1","Fusiform_normal","1","0","0"
"560","Pleuronectes platessa",0,71.05,100,0.625,"0",3.17000007629395,10.2,"1","1","1","Other","1","0","0"
"561","Plotosus lineatus",1,28.28,32,0.501999974250793,"0",3.5699999332428,28.1,"1","1","1","Fusiform_normal","0","0","1"
"562","Polyacanthonotus rissoanus",0,42,9.5,0.563000023365021,"0",3.49000000953674,4.6,"0","0","0","Other","1","0","0"
"563","Polyprion americanus",0,77.75,210,0.8125,"0",4.1399998664856,9.4,"1","0","1","Fusiform_normal","1","0","0"
"564","Pomacanthus imperator",1,67.79,40,0.500100016593933,"0",2.70000004768372,27.9,"1","1","0","Other","0","0","1"
"565","Pomacanthus maculosus",1,68.57,50,0.500100016593933,"0",2.67000007629395,27.2,"1","0","0","Other","0","0","1"
"566","Pomadasys incisus",0,40.12,53.5,0.5,"0",3.79999995231628,23.1,"0","1","1","Fusiform_normal","1","0","0"
"567","Pomadasys stridens",1,35.09,20,0.5,"0",4.01999998092651,25.2,"1","1","1","Fusiform_normal","0","0","1"
"568","Pomatomus saltatrix",0,57.63,130,1.5,"0",4.53000020980835,21.1,"1","1","1","Fusiform_normal","0","1","0"
"569","Pomatoschistus bathi",0,10,3,0.500100016593933,"0",3.25,18.9,"0","0","0","Other","1","0","0"
"570","Pomatoschistus flavescens",0,14.35,6,1,"0",3.1800000667572,10.5,"0","0","0","Other","0","0","1"
"571","Pomatoschistus marmoratus",0,14.58,8,0.500100016593933,"0",3.34999990463257,15.1,"0","0","0","Other","1","0","0"
"572","Pomatoschistus microps",0,33.28,9,0.500100016593933,"0",3.28999996185303,10.8,"0","0","0","Other","1","0","0"
"573","Pomatoschistus minutus",0,14.6,11,0.500100016593933,"0",3.38000011444092,9.4,"0","0","0","Other","1","0","0"
"574","Pomatoschistus norvegicus",0,10,8,0.500100016593933,"0",3.30999994277954,8.6,"0","0","0","Other","1","0","0"
"575","Pomatoschistus pictus",0,10,6,0.500100016593933,"0",3.11999988555908,10.5,"0","0","0","Other","1","0","0"
"576","Pomatoschistus quagga",0,10,6,0.500100016593933,"0",3.27999997138977,18.8,"0","0","0","Other","1","0","0"
"577","Pontinus kuhlii",0,68.44,52,0.5,"0",4.05000019073486,13.9,"1","1","1","Fusiform_normal","1","0","0"
"578","Priacanthus hamrur",1,24.42,45,0.500199973583221,"0",3.64000010490417,26.2,"1","1","1","Other","0","0","1"
"579","Priacanthus prolixus",1,20.5,25,0.500199973583221,"0",4.03999996185303,23.4,"0","0","0","Fusiform_normal","1","0","0"
"580","Priacanthus sagittarius",1,32.7,35,0.500199973583221,"0",4.17000007629395,16.789,"0","0","0","Fusiform_normal","1","0","0"
"581","Prionace glauca",0,67.23,400,1,"0",4.34999990463257,14.8,"1","1","1","Fusiform_normal","0","1","0"
"582","Pristis pectinata",0,84.4,760,0.523400008678436,"0",4.5,27.1,"1","1","1","Other","1","0","0"
"583","Pristis pristis",0,78.59,750,0.523400008678436,"0",3.97000002861023,27.8,"1","0","1","Other","1","0","0"
"584","Psenes pellucidus",1,52,80,0.531300008296967,"0",3.84999990463257,12.9,"0","0","0","Other","0","1","0"
"585","Pseudaphya ferreri",0,10,3.5,1,"0",3.14000010490417,17.9,"0","0","0","Other","0","1","0"
"586","Pseudocaranx dentex",0,74.3,122,0.5625,"0",3.92000007629395,22.3,"1","0","1","Fusiform_normal","0","0","1"
"587","Pseudotolithus senegallus",0,90,230,0.515600025653839,"0",3.89000010490417,25.7,"1","1","1","Fusiform_normal","1","0","0"
"588","Pseudupeneus prayensis",1,29.86,55,0.625,"0",3.24000000953674,25.2,"1","1","1","Fusiform_normal","1","0","0"
"589","Pteragogus pelycus",1,10,15,0.500999987125397,"0",3.53999996185303,27.5,"0","0","0","Fusiform_normal","1","0","0"
"590","Pteragogus trispilus",1,10,7.90000009536743,0.500999987125397,"0",3.42000007629395,25.1,"1","0","0","Other","0","0","1"
"591","Pterois miles",1,33,43,0.500500023365021,"0",3.73000001907349,27.6,"0","0","0","Fusiform_normal","0","0","1"
"592","Pteroplatytrygon violacea",0,62.71,96,1,"0",4.3600001335144,24.8,"1","1","1","Other","0","1","0"
"593","Rachycentron canadum",1,42.21,200,1.5,"0",4.19000005722046,12.9,"1","1","1","Other","0","0","1"
"594","Raja asterias",0,32.61,75,0.5,"0",3.80999994277954,14.3,"0","0","0","Other","1","0","0"
"595","Raja brachyura",0,65.3,120,0.5,"0",3.75999999046326,10.3,"0","0","0","Other","1","0","0"
"596","Raja clavata",0,60.11,105,0.5,"0",3.83999991416931,10.7,"1","1","1","Other","1","0","0"
"597","Raja mauritaniensis",0,52,80,0.5,"0",3.97000002861023,15.1,"0","0","0","Other","1","0","0"
"598","Raja miraletus",0,50.71,63,0.5,"0",3.69000005722046,17.6,"1","1","1","Other","1","0","0"
"599","Raja montagui",0,57.01,83.5,0.5,"0",3.88000011444092,9.9,"0","0","0","Other","1","0","0"
"600","Raja polystigma",0,62.14,60,0.5,"0",3.27999997138977,14,"0","0","0","Other","1","0","0"
"601","Raja radula",0,48,70,0.5,"0",3.74000000953674,15,"0","1","1","Other","1","0","0"
"602","Raja rondeleti",0,40,50,0.5,"0",3.5,13.9,"0","0","0","Other","1","0","0"
"603","Raja undulata",0,66.2,100,0.5,"0",3.5,13.2,"0","1","1","Other","1","0","0"
"604","Ranzania laevis",0,60,100,1.03120005130768,"0",3.66000008583069,23.9,"1","1","0","Other","0","1","0"
"605","Rastrelliger kanagurta",1,14.71,36,0.625,"0",3.19000005722046,27.3,"1","1","0","Fusiform_normal","0","1","0"
"606","Regalecus glesne",0,90,800,0.875,"1",3.20000004768372,23.9,"0","0","1","Other","0","1","0"
"607","Remora australis",0,50.4,76,0.535199999809265,"0",3.51999998092651,23,"0","0","0","Other","0","1","0"
"608","Remora brachyptera",0,40,50,0.535199999809265,"0",3.46000003814697,23.4,"0","0","0","Other","0","1","0"
"609","Remora osteochir",0,38.8,40,0.535199999809265,"0",3.5,25.9,"0","0","0","Other","0","1","0"
"610","Remora remora",0,54.56,86.4000015258789,0.535199999809265,"0",3.49000000953674,24.8,"0","0","1","Other","0","0","1"
"611","Rhabdosargus haffara",1,25,35,0.515600025653839,"0",3.5,27.5,"1","0","1","Fusiform_normal","0","0","1"
"612","Rhinobatos rhinobatos",0,65.69,185,0.5,"0",4.07999992370605,26.1,"1","0","1","Other","1","0","0"
"613","Rhinoptera marginata",0,86.35,200,0.503899991512299,"0",3.83999991416931,19.7,"1","1","1","Other","0","1","0"
"614","Rhizoprionodon acutus",1,60.97,175,0.507799983024597,"0",4.25,26.9,"1","1","1","Fusiform_normal","0","1","0"
"615","Rhynchoconger trewavasae",1,42.8,57,0.507799983024597,"0",3.91000008583069,14.0187380952381,"1","0","0","Other","1","0","0"
"616","Rhynchogadus hepaticus",0,10,10,1,"0",3.27999997138977,13.8355238095238,"0","0","0","Fusiform_normal","0","1","0"
"617","Rostroraja alba",0,90,230,1,"0",4.40999984741211,13.5,"0","1","1","Other","1","0","0"
"618","Ruvettus pretiosus",0,90,300,1,"0",4.17999982833862,12.9,"1","1","1","Other","0","1","0"
"619","Salaria basilisca",0,10,18,0.531199991703033,"0",2,18.8,"0","0","0","Fusiform_normal","1","0","0"
"620","Salaria pavo",0,25.08,13,0.531199991703033,"0",2,18.8,"0","0","0","Fusiform_normal","1","0","0"
"621","Salmo salar",1,45.37,150,0.5,"0",4.5,9.3,"1","0","1","Fusiform_normal","0","1","0"
"622","Salmo trutta",1,56.26,140,0.5,"0",3.35999989509583,10.1,"1","0","1","Fusiform_normal","0","1","0"
"623","Sarda sarda",0,32.68,91.4000015258789,0.531199991703033,"0",4.23000001907349,10.7,"1","0","1","Fusiform_normal","0","1","0"
"624","Sardina pilchardus",0,30.31,27.5,1,"0",3.05999994277954,10.3,"1","1","1","Fusiform_normal","0","1","0"
"625","Sardinella aurita",1,28.98,41,0.5,"0",3.40000009536743,18.8,"1","1","1","Fusiform_normal","0","1","0"
"626","Sardinella gibbosa",1,17.4,29.6000003814697,0.5,"0",2.84999990463257,28.1,"1","1","1","Fusiform_normal","0","1","0"
"627","Sardinella maderensis",0,32.83,30,0.5,"0",3.20000004768372,21,"1","1","1","Fusiform_normal","0","1","0"
"628","Sargocentron praslin",0,22,32,0.5,"0",3.66000008583069,28.4,"1","0","1","Fusiform_normal","0","0","1"
"629","Sargocentron rubrum",1,16.59,32,0.5,"0",3.57999992370605,28.1,"1","1","1","Fusiform_normal","0","0","1"
"630","Sargocentron spinosissimum",0,11.59,17.7000007629395,0.5,"0",3.98000001907349,16.9,"0","0","0","Fusiform_normal","0","0","1"
"631","Sargocentron tiereoides",0,10,19.5,0.5,"0",3.54999995231628,28.5,"0","0","0","Fusiform_normal","0","0","1"
"632","Sarpa salpa",1,41.17,51,1,"0",2,18.8,"1","1","1","Fusiform_normal","0","1","0"
"633","Saurenchelys cancrivora",0,46,65,0.503899991512299,"0",3.44000005722046,16.8104761904762,"0","0","0","Other","1","0","0"
"634","Saurida lessepsianus",1,24.43,28.2199993133545,0.5,"0",4.23000001907349,17.2142857142857,"0","1","0","Other","0","1","0"
"635","Saurida undosquamis",0,27.83,50,0.5,"0",4.46000003814697,26,"1","1","0","Other","0","0","1"
"636","Scartella cristata",0,10,12,0.507799983024597,"0",2.53999996185303,27.4,"0","0","0","Fusiform_normal","0","0","1"
"637","Scarus ghobban",1,36.1,75,0.5,"0",2,28,"1","1","0","Fusiform_normal","0","0","1"
"638","Scatophagus argus",1,18.35,38,0.8125,"0",2.99000000953674,28.6,"1","0","1","Other","1","0","0"
"639","Schedophilus medusophagus",0,42,55,0.503899991512299,"0",4,8.1,"0","0","0","Fusiform_normal","0","1","0"
"640","Schedophilus ovalis",0,60,100,0.503899991512299,"0",3.53999996185303,14.8,"0","1","1","Other","0","1","0"
"641","Sciaena umbra",0,63.57,70,0.5625,"0",3.75,15.3,"1","1","1","Fusiform_normal","1","0","0"
"642","Sciaenops ocellatus",1,42.92,155,1,"0",3.74000000953674,24.2,"1","0","1","Fusiform_normal","1","0","0"
"643","Scomber colias",0,33.31,55,0.5625,"0",3.91000008583069,22.5,"0","1","1","Fusiform_normal","0","1","0"
"644","Scomber japonicus",0,30.73,64,0.5625,"0",3.38000011444092,20.7,"1","1","1","Fusiform_normal","0","1","0"
"645","Scomber scombrus",0,30.18,60,0.5625,"0",3.63000011444092,10.2,"1","1","1","Fusiform_normal","0","1","0"
"646","Scomberesox saurus",0,24.28,50,0.656199991703033,"0",3.83999991416931,14.4,"1","1","1","Other","0","1","0"
"647","Scomberomorus commerson",1,51.75,240,0.5,"0",4.5,28,"1","0","1","Fusiform_normal","0","1","0"
"648","Scomberomorus tritor",0,37.97,100,0.5,"0",4.42000007629395,25.9,"1","1","1","Fusiform_normal","0","1","0"
"649","Scophthalmus maeoticus",0,35,45,0.564499974250793,"0",4.03000020980835,8.58,"0","0","0","Other","1","0","0"
"650","Scophthalmus maximus",0,59.94,100,0.564499974250793,"0",4.3600001335144,9.4,"0","1","1","Other","1","0","0"
"651","Scophthalmus rhombus",0,36.35,75,0.564499974250793,"0",4.42000007629395,11.2,"0","1","1","Other","1","0","0"
"652","Scorpaena azorica",0,10,9.80000019073486,0.5,"0",3.49000000953674,18.9252380952381,"0","0","0","Fusiform_normal","1","0","0"
"653","Scorpaena elongata",0,40,50,0.5,"0",3.85999989509583,13.9,"0","0","1","Fusiform_normal","1","0","0"
"654","Scorpaena loppei",0,25.52,15,0.5,"0",3.5,15.1,"0","0","0","Fusiform_normal","1","0","0"
"655","Scorpaena maderensis",0,35.5,17.7999992370605,0.5,"0",4.07000017166138,17.2,"0","1","0","Fusiform_normal","1","0","0"
"656","Scorpaena notata",0,34.22,26,0.5,"0",3.70000004768372,14.6,"0","0","0","Fusiform_normal","1","0","0"
"657","Scorpaena porcus",0,42.8,40.5,0.5,"0",3.92000007629395,13.9,"0","0","0","Fusiform_normal","1","0","0"
"658","Scorpaena scrofa",0,67.52,50,0.5,"0",4.25,14.4,"0","1","1","Fusiform_normal","1","0","0"
"659","Scorpaena stephanica",1,30,40,0.5,"0",4.01000022888184,15.6,"0","0","1","Fusiform_normal","1","0","0"
"660","Scorpaenodes arenai",0,10,11,0.5,"0",3.54999995231628,18.7,"0","0","0","Fusiform_normal","1","0","0"
"661","Scyliorhinus canicula",0,62.22,100,0.5,"0",3.8199999332428,10.1,"1","1","1","Other","1","0","0"
"662","Scyliorhinus duhamelii",0,33.6,43.5999984741211,0.529722855204628,"0",3.76999998092651,16.69,"0","0","0","Other","1","0","0"
"663","Scyliorhinus stellaris",0,67.18,170,0.5,"0",4.03000020980835,10.9,"1","1","1","Other","0","0","1"
"664","Sebastapistes mauritiana",0,10,9.5,0.500999987125397,"0",3.79999995231628,28.1,"0","0","0","Fusiform_normal","0","0","1"
"665","Selene dorsalis",1,24.87,40,0.503899991512299,"0",4.07999992370605,20.6,"0","1","1","Fusiform_normal","1","0","0"
"666","Seriola carpenteri",1,49,72.5,0.501999974250793,"0",4.5,18.7,"1","1","1","Fusiform_normal","0","1","0"
"667","Seriola dumerili",0,53.95,190,0.501999974250793,"0",4.65999984741211,27.1,"1","1","1","Fusiform_normal","0","0","1"
"668","Seriola fasciata",1,49.97,67.5,0.501999974250793,"0",4.5,23.3,"1","1","1","Fusiform_normal","0","1","0"
"669","Seriola rivoliana",1,90,160,0.501999974250793,"0",4.44999980926514,27.3,"1","1","1","Other","0","0","1"
"670","Serranus atricauda",0,45.14,43.2000007629395,0.5,"0",4.26999998092651,18.4,"1","1","1","Fusiform_normal","1","0","0"
"671","Serranus cabrilla",0,54.73,40,0.5,"0",3.34999990463257,14.4,"1","1","0","Fusiform_normal","1","0","0"
"672","Serranus hepatus",0,24.47,25,0.5,"0",3.47000002861023,18.3,"1","1","1","Fusiform_normal","1","0","0"
"673","Serranus scriba",0,44,36,0.5,"0",3.8199999332428,18.4,"0","1","1","Fusiform_normal","1","0","0"
"674","Serrivomer lanceolatoides",0,46,65,0.505900025367737,"0",3.5,11.1,"0","0","0","Other","0","1","0"
"675","Siganus fuscescens",1,20.85,40,0.5,"0",2.02999997138977,27.9,"1","1","1","Other","0","0","1"
"676","Siganus luridus",1,39.38,30,0.5,"0",2,27,"1","0","1","Fusiform_normal","0","0","1"
"677","Siganus rivulatus",1,36.43,27,0.5,"0",2,27.3,"1","1","0","Fusiform_normal","0","0","1"
"678","Silhouettea aegyptia",1,10.04,5,0.500999987125397,"0",3.25,26.3,"0","0","0","Fusiform_normal","1","0","0"
"679","Sillago sihama",1,23.64,31,0.5,"0",3.32999992370605,28.5,"1","1","1","Other","0","0","1"
"680","Sillago suezensis",1,12.57,18.5,0.5,"0",3.25,17.375,"0","1","0","Other","0","0","1"
"681","Solea aegyptiaca",0,32.53,65,0.501999974250793,"0",3.17000007629395,16.9114285714286,"0","0","1","Other","1","0","0"
"682","Solea senegalensis",1,49.16,60,0.501999974250793,"0",3.25,18.6,"0","1","0","Other","1","0","0"
"683","Solea solea",0,45.51,70,0.501999974250793,"0",3.21000003814697,11.4,"1","1","1","Other","1","0","0"
"684","Somniosus rostratus",0,85.8,143,0.531300008296967,"0",4.19999980926514,13.2,"0","1","1","Other","1","0","0"
"685","Sorsogona prionota",1,12,22,0.515600025653839,"0",3.69000005722046,27,"0","0","0","Other","1","0","0"
"686","Sparisoma cretense",0,35.92,50,0.5,"0",2.85999989509583,17.1,"0","1","1","Fusiform_normal","0","0","1"
"687","Sparus aurata",1,40.2,70,1,"0",3.70000004768372,17.8,"1","1","1","Fusiform_normal","1","0","0"
"688","Speleogobius trigloides",0,10,1.75,1,"0",3.01999998092651,17.3142766439909,"0","0","0","Other","1","0","0"
"689","Sphoeroides marmoratus",1,10,20,0.5,"0",3.4300000667572,26,"0","1","1","Other","1","0","0"
"690","Sphoeroides pachygaster",1,39.41,40.5,0.5,"0",4.19999980926514,19.4,"0","0","0","Other","0","1","0"
"691","Sphyraena chrysotaenia",1,24.48,32.2000007629395,0.5,"0",3.95000004768372,27.7,"0","0","0","Other","0","1","0"
"692","Sphyraena flavicauda",1,33.03,60,0.5,"0",3.75999999046326,28.4,"0","0","0","Other","0","0","1"
"693","Sphyraena obtusata",1,25.15,55,0.5,"0",4.5,28.4,"1","1","1","Other","0","0","1"
"694","Sphyraena pinguis",0,40,50,0.5,"0",4.48999977111816,28.4,"1","0","0","Other","0","1","0"
"695","Sphyraena sphyraena",0,48.64,165,0.5,"0",4.03999996185303,18.3,"1","1","1","Other","0","1","0"
"696","Sphyraena viridensis",0,68.9,128,0.5,"0",4.30999994277954,18.83,"0","0","1","Other","0","1","0"
"697","Sphyrna lewini",0,77.74,430,0.502900004386902,"0",4.07999992370605,27.2,"1","1","1","Other","0","1","0"
"698","Sphyrna mokarran",1,86.03,610,0.502900004386902,"0",4.32000017166138,27.2,"1","1","1","Other","0","1","0"
"699","Sphyrna tudes",0,88.8,134,0.502900004386902,"0",3.64000010490417,21.1,"0","0","0","Other","0","1","0"
"700","Sphyrna zygaena",0,68.11,500,0.502900004386902,"0",4.94000005722046,26.5,"1","1","1","Other","0","1","0"
"701","Spicara flexuosum",0,13.2,23.2000007629395,0.509861430100032,"0",3.44000005722046,17.32,"0","0","0","Fusiform_normal","1","0","0"
"702","Spicara maena",0,40.08,25,0.503899991512299,"0",4.15000009536743,14.5,"0","1","0","Fusiform_normal","0","1","0"
"703","Spicara smaris",0,28.25,24.2000007629395,0.503899991512299,"0",3,14.4,"1","1","0","Fusiform_normal","0","1","0"
"704","Spondyliosoma cantharus",0,37.21,60,0.75,"0",3.33999991416931,10.2,"1","1","1","Fusiform_normal","0","1","0"
"705","Spratelloides delicatulus",1,10,7,0.5625,"0",3.13000011444092,28.1,"1","0","1","Fusiform_normal","0","0","1"
"706","Sprattus sprattus",0,24.52,16,0.531199991703033,"0",3.00999999046326,9.5,"1","1","0","Fusiform_normal","0","1","0"
"707","Squalus acanthias",0,64.26,160,0.5,"0",4.36999988555908,9.9,"1","0","1","Other","0","1","0"
"708","Squalus blainville",0,68.13,121.599998474121,0.5,"0",3.97000002861023,13.4,"1","0","1","Other","1","0","0"
"709","Squalus megalops",0,67.58,72,0.5,"0",4.34000015258789,17.3,"0","0","1","Other","1","0","0"
"710","Squatina aculeata",0,90,188,0.5,"0",3.97000002861023,15.2,"1","0","1","Other","1","0","0"
"711","Squatina oculata",0,90,160,0.5,"0",4.01999998092651,15.3,"1","0","1","Other","1","0","0"
"712","Squatina squatina",0,90,183,0.5,"0",4.05000019073486,11.4,"1","1","1","Other","1","0","0"
"713","Stegastes variabilis",1,10,12.5,0.5,"0",2.16000008583069,25.9,"1","0","0","Other","0","0","1"
"714","Stephanolepis diaspros",1,15,25,0.531199991703033,"0",2.83999991416931,26.1,"0","0","0","Other","1","0","0"
"715","Stolephorus indicus",1,13.41,15.5,0.5,"0",3.32999992370605,27.9,"0","1","1","Other","0","1","0"
"716","Stolephorus insularis",1,10,8,0.5,"0",3.23000001907349,28.5,"1","1","0","Fusiform_normal","0","0","1"
"717","Stomias boa",0,29.28,32.2000007629395,0.500999987125397,"0",3.95000004768372,6.8,"0","1","0","Other","0","1","0"
"718","Stromateus fiatola",0,44.4,50,0.625,"0",4.03000020980835,19,"0","1","1","Other","0","1","0"
"719","Sudis hyalina",0,60,100,0.75,"0",4.21999979019165,8.4,"0","0","0","Other","0","1","0"
"720","Symbolophorus veranyi",0,10,12,0.503899991512299,"0",3.25,13.2,"0","0","0","Fusiform_normal","0","1","0"
"721","Symphodus bailloni",0,14.4,20,0.500500023365021,"0",3.5,11.3,"0","0","0","Fusiform_normal","0","0","1"
"722","Symphodus cinereus",0,27.17,16,0.500500023365021,"0",3.53999996185303,18.8,"0","0","0","Fusiform_normal","1","0","0"
"723","Symphodus doderleini",0,10,10,0.500500023365021,"0",3.35999989509583,19.3,"0","0","0","Fusiform_normal","1","0","0"
"724","Symphodus mediterraneus",0,22.54,18,0.500500023365021,"0",3.23000001907349,18.5,"0","0","0","Fusiform_normal","1","0","0"
"725","Symphodus melops",0,33.97,28,0.500500023365021,"0",3.38000011444092,10.5,"0","0","0","Fusiform_normal","0","0","1"
"726","Symphodus ocellatus",0,22.05,18.5,0.500500023365021,"0",3.44000005722046,18.9,"0","0","0","Fusiform_normal","0","0","1"
"727","Symphodus roissali",0,31.12,17,0.500500023365021,"0",3.47000002861023,18.7,"0","0","0","Fusiform_normal","0","0","1"
"728","Symphodus rostratus",0,20.2,17.7000007629395,0.500500023365021,"0",3.4300000667572,18.9,"0","0","0","Other","0","0","1"
"729","Symphodus tinca",0,39.78,44,0.500500023365021,"0",3.25,18.9,"0","0","0","Fusiform_normal","0","0","1"
"730","Symphodus trutta",0,10,18,0.500500023365021,"0",3.5,20.2,"0","0","0","Fusiform_normal","0","0","1"
"731","Symphurus ligulatus",0,21.84,12.8000001907349,0.5,"0",3.5,8.7,"0","0","0","Other","1","0","0"
"732","Symphurus nigrescens",0,10,12,0.5,"0",3.28999996185303,13.9,"0","1","0","Other","1","0","0"
"733","Synagrops japonicus",1,32.7,35,0.75,"0",4.26999998092651,12.6,"0","0","0","Fusiform_normal","0","1","0"
"734","Synanceia verrucosa",1,38.8,40,0.531199991703033,"0",4.19999980926514,28.3,"1","0","1","Fusiform_normal","0","0","1"
"735","Synapturichthys kleinii",0,32.62,40,1,"0",3.5699999332428,15.9,"0","0","0","Other","1","0","0"
"736","Synchiropus phaeton",0,10,18,0.5,"0",3.38000011444092,13.8,"0","0","0","Fusiform_normal","1","0","0"
"737","Synchiropus sechellensis",1,10,3.79999995231628,0.5,"0",3.20000004768372,26.1,"0","0","0","Other","1","0","0"
"738","Syngnathus abaster",0,35.97,21,0.5,"0",3.20000004768372,18.8,"0","0","0","Other","1","0","0"
"739","Syngnathus acus",0,40,50,0.5,"0",3.32999992370605,17.7,"0","0","0","Other","1","0","0"
"740","Syngnathus phlegon",0,10,20,0.5,"0",3.45000004768372,19.3,"0","0","0","Other","0","1","0"
"741","Syngnathus rostellatus",1,18.64,18.5,0.5,"0",3.69000005722046,10.7,"0","0","0","Other","1","0","0"
"742","Syngnathus taenionotus",0,10,19,0.5,"0",3.40000009536743,17.4264761904762,"0","0","0","Other","1","0","0"
"743","Syngnathus typhle",0,25.2,35,0.5,"0",4.30999994277954,14,"0","0","0","Other","1","0","0"
"744","Synodus saurus",0,47.08,40,0.5,"0",4.48999977111816,19.8,"1","1","1","Other","1","0","0"
"745","Taeniurops grabatus",0,90,250,0.625,"0",4.01999998092651,19.2,"0","1","0","Other","1","0","0"
"746","Taractes rubescens",1,55.6,89,0.75,"0",4.38000011444092,18.6,"0","1","0","Fusiform_normal","0","1","0"
"747","Taurulus bubalis",0,37.66,17.5,1,"0",3.58999991416931,9.5,"0","0","0","Fusiform_normal","1","0","0"
"748","Terapon jarbua",1,36.94,36,0.625,"0",3.9300000667572,23.7,"1","1","1","Fusiform_normal","1","0","0"
"749","Terapon puta",1,20,30,0.625,"0",3.11999988555908,28.5,"1","1","1","Other","0","1","0"
"750","Terapon theraps",1,24.37,30,0.625,"0",3.49000000953674,28.5,"1","1","1","Fusiform_normal","0","0","1"
"751","Tetragonurus cuvieri",0,66.13,70,0.75,"0",3.77999997138977,10.1,"0","0","0","Other","0","1","0"
"752","Tetrapturus belone",0,90,240,0.563000023365021,"0",4.34999990463257,15.3,"1","0","0","Other","0","1","0"
"753","Tetrapturus georgii",0,90,184,0.563000023365021,"0",4.30999994277954,17.1,"0","0","0","Other","0","1","0"
"754","Tetronarce nobiliana",0,90,180,0.500100016593933,"0",4.5,13.9,"0","0","1","Other","0","1","0"
"755","Tetrosomus gibbosus",1,20,30,0.5625,"0",3.5,26.9,"0","0","0","Other","0","0","1"
"756","Thalassoma pavo",0,20.5,25,0.5,"0",3.5,18.7,"0","1","1","Fusiform_normal","0","0","1"
"757","Thorogobius ephippiatus",0,36.08,13,0.515600025653839,"0",3.02999997138977,11.4,"0","0","0","Other","1","0","0"
"758","Thorogobius macrolepis",0,10,6.5,0.515600025653839,"0",3.23000001907349,18.7694761904762,"0","0","0","Fusiform_normal","1","0","0"
"759","Thunnus alalunga",0,71.11,140,0.503899991512299,"0",4.30000019073486,15.1,"0","0","1","Fusiform_normal","0","1","0"
"760","Thunnus albacares",0,46.43,239,0.503899991512299,"0",4.40999984741211,26.7,"1","0","1","Fusiform_normal","0","1","0"
"761","Thunnus obesus",0,55.53,250,0.503899991512299,"0",4.42000007629395,26.6,"1","0","1","Fusiform_normal","0","1","0"
"762","Thunnus thynnus",0,82.35,458,0.503899991512299,"0",4.44999980926514,12.6,"1","0","1","Fusiform_normal","0","1","0"
"763","Thymallus thymallus",0,55.6,60,0.500100016593933,"0",3.14000010490417,16.5971428571429,"0","0","0","Fusiform_normal","0","1","0"
"764","Torpedo marmorata",0,60,100,0.500500023365021,"0",4.55000019073486,14.1,"0","1","0","Other","0","0","1"
"765","Torpedo sinuspersici",0,78,130,0.500500023365021,"0",4.5,25.5,"0","1","1","Other","0","0","1"
"766","Torpedo torpedo",0,65.3,60,0.500500023365021,"0",4.34999990463257,15.6,"0","0","0","Other","1","0","0"
"767","Torquigener flavimaculosus",1,10,16,0.5,"0",3.32999992370605,26.9,"0","0","0","Other","0","0","1"
"768","Trachinotus ovatus",0,48,70,0.5,"0",3.73000001907349,13.9,"0","1","1","Fusiform_normal","0","1","0"
"769","Trachinus araneus",0,41.96,45,0.505900025367737,"0",4,18.6,"0","1","0","Fusiform_normal","1","0","0"
"770","Trachinus draco",0,51.93,53,0.505900025367737,"0",4.17999982833862,10.9,"1","0","1","Other","1","0","0"
"771","Trachinus radiatus",0,34.11,50,0.505900025367737,"0",3.97000002861023,17.3,"0","0","0","Fusiform_normal","1","0","0"
"772","Trachipterus arcticus",0,85.41,300,0.516600012779236,"0",4.5,5.2,"0","1","0","Other","0","1","0"
"773","Trachipterus trachypterus",0,90,300,0.516600012779236,"0",2.88000011444092,13.5,"0","1","0","Other","0","1","0"
"774","Trachurus indicus",1,30.61,35,0.500100016593933,"0",3.75,18.8617142857143,"1","1","1","Fusiform_normal","0","0","1"
"775","Trachurus mediterraneus",0,36.06,60,0.500100016593933,"0",3.76999998092651,17.4,"0","1","1","Fusiform_normal","0","1","0"
"776","Trachurus picturatus",0,39.63,60,0.500100016593933,"0",3.3199999332428,13.1,"0","1","0","Fusiform_normal","0","1","0"
"777","Trachurus trachurus",0,56.3,70,0.500100016593933,"0",3.71000003814697,13.3,"1","1","1","Fusiform_normal","0","1","0"
"778","Trachyrincus scabrus",0,54.53,60,0.515600025653839,"0",3.64000010490417,10.4,"0","0","0","Other","1","0","0"
"779","Trachyscorpia echinata",1,42.76,56.9000015258789,0.609224519275484,"0",4.21000003814697,9.9,"0","1","0","Fusiform_normal","1","0","0"
"780","Trichiurus lepturus",0,51.14,234,0.501999974250793,"0",4.42000007629395,15.2,"1","1","1","Other","0","1","0"
"781","Tridentiger trigonocephalus",1,10,11,0.501999974250793,"0",3.4300000667572,18.5182653061224,"0","0","0","Fusiform_normal","1","0","0"
"782","Trigla lyra",0,62.63,60,1,"0",3.8199999332428,13.1,"0","0","0","Fusiform_normal","1","0","0"
"783","Tripterygion delaisi",0,10,8.89999961853027,0.5625,"0",3.39000010490417,18.7,"0","0","0","Other","1","0","0"
"784","Tripterygion melanurus",0,10,5.30000019073486,0.5625,"0",3.5,17.945,"0","0","0","Other","1","0","0"
"785","Tripterygion tripteronotum",0,10,8,0.5625,"0",3.40000009536743,19.2,"0","0","0","Other","1","0","0"
"786","Trisopterus capelanus",0,22,32,0.5625,"0",3.66000008583069,16.7904285714286,"0","0","0","Fusiform_normal","0","1","0"
"787","Trisopterus luscus",0,25.61,46,0.5625,"0",3.73000001907349,9.6,"0","0","0","Fusiform_normal","0","1","0"
"788","Trisopterus minutus",0,37.25,40,0.5625,"0",3.73000001907349,10,"1","1","1","Fusiform_normal","0","1","0"
"789","Trypauchen vagina",1,12,22,0.75,"0",3.5,28.2,"0","1","1","Other","1","0","0"
"790","Tylerius spinosissimus",1,10,12,1,"0",3.27999997138977,12,"0","1","0","Other","1","0","0"
"791","Tylosurus acus",0,43.55,153,0.507799983024597,"0",4.48000001907349,26.5,"1","0","1","Other","0","0","1"
"792","Tylosurus choram",1,72,120,0.507799983024597,"0",4.3899998664856,26.9,"0","0","0","Other","0","1","0"
"793","Tylosurus imperialis",0,90,140,0.682180004460471,"0",4.5,17.1261428571429,"0","0","0","Other","0","1","0"
"794","Umbrina canariensis",0,43.62,80,0.5,"0",3.36999988555908,15,"1","1","1","Fusiform_normal","1","0","0"
"795","Umbrina cirrosa",0,40.38,73,0.5,"0",3.41000008583069,18,"1","1","1","Fusiform_normal","1","0","0"
"796","Umbrina ronchus",0,36.37,100,0.5,"0",3.38000011444092,17.3,"1","1","1","Fusiform_normal","1","0","0"
"797","Upeneus moluccensis",1,21.99,22.5,0.5,"0",3.63000011444092,27.2,"1","1","1","Fusiform_normal","0","0","1"
"798","Upeneus pori",1,34.73,19,0.5,"0",3.50999999046326,25.6,"0","0","0","Fusiform_normal","1","0","0"
"799","Uranoscopus scaber",0,47.03,56.4000015258789,0.5,"0",4.38000011444092,14.2,"0","0","1","Fusiform_normal","1","0","0"
"800","Urogymnus asperrimus",0,90,147,0.515600025653839,"0",3.48000001907349,28.5,"0","1","1","Other","0","0","1"
"801","Valenciennellus tripunctulatus",0,10,3.09999990463257,0.75,"0",3.10999989509583,12.7,"0","0","0","Fusiform_normal","0","1","0"
"802","Vanderhorstia mertensi",1,10,11,0.5,"0",3.32999992370605,28,"0","0","0","Other","0","0","1"
"803","Vanneaugobius pruvoti",0,10,3.90000009536743,0.625,"0",3.13000011444092,14.3,"0","0","0","Other","1","0","0"
"804","Variola louti",1,43.34,83,0.75,"0",4.32999992370605,27.2,"1","0","1","Fusiform_normal","0","0","1"
"805","Vinciguerria attenuata",0,10,4.5,0.531199991703033,"0",3.04999995231628,8.5,"0","0","0","Fusiform_normal","0","1","0"
"806","Vinciguerria poweriae",0,10,4.30000019073486,0.531199991703033,"0",3.08999991416931,10.6,"0","0","0","Fusiform_normal","0","1","0"
"807","Xiphias gladius",0,71.96,455,1.5,"0",4.53000020980835,22.7,"1","1","0","Other","0","1","0"
"808","Xyrichtys novacula",0,36.27,38,0.500500023365021,"0",3.50999999046326,24.4,"1","1","1","Other","0","0","1"
"809","Zebrasoma flavescens",1,57.42,20,0.507799983024597,"0",2,27.6,"0","0","0","Other","0","0","1"
"810","Zebrasoma xanthurum",1,26.7,36.7000007629395,0.507799983024597,"0",2,27.1,"1","1","0","Other","0","0","1"
"811","Zebrus pallaoroi",0,10,3.18099999427795,0.698270356655121,"0",3.13000011444092,18.0912142857143,"0","0","0","Other","0","1","0"
"812","Zebrus zebrus",0,10,5.5,1,"0",3.20000004768372,19.3,"0","0","0","Other","1","0","0"
"813","Zenopsis conchifer",1,52,80,0.578100025653839,"0",4.44999980926514,13.6,"0","0","0","Other","0","1","0"
"814","Zeugopterus punctatus",0,20.5,25,0.751999974250793,"0",3.99000000953674,10.4,"0","0","0","Other","1","0","0"
"815","Zeugopterus regius",0,10,20,0.751999974250793,"0",3.99000000953674,10.1,"0","0","0","Other","1","0","0"
"816","Zeus faber",0,59.26,90,0.765600025653839,"0",4.5,13.6,"0","1","1","Other","0","1","0"
"817","Zu cristatus",0,86.38,118,0.750999987125397,"0",4.5,26.5,"0","1","0","Other","0","1","0"
